Clump_Thickness,Uniformity_Cell_Size,Uniformity_Cell_Shape,Marginal_Adhesion,Single_Epithelial_Cell_Size,Bare_Nuclei,Bland_Chromatin,Normal_Nucleoli,Mitoses
0.20693571791031778,-0.6999950505092654,-0.7432990353709374,-0.6332471645125597,-0.5495613588663254,-0.698853088286125,-0.17966213015729893,-0.6118250369454719,-0.3439117826575238
0.20693571791031778,0.2838451779880063,0.2668747022653916,0.7686206676150072,1.7101056402369774,1.7728672418029487,-0.17966213015729893,-0.28411185623674784,-0.3439117826575238
-0.5038655932410934,-0.6999950505092654,-0.7432990353709374,-0.6332471645125597,-0.5495613588663254,-0.4242174960540057,-0.17966213015729893,-0.6118250369454719,-0.3439117826575238
0.5623363734860233,1.595632149317702,1.6137730191138304,-0.6332471645125597,-0.0976279590456648,0.12505368841023293,-0.17966213015729893,1.3544540473068718,-0.3439117826575238
-0.1484649376653878,-0.6999950505092654,-0.7432990353709374,0.06768675155122376,-0.5495613588663254,-0.698853088286125,-0.17966213015729893,-0.6118250369454719,-0.3439117826575238
1.2731376846374345,2.2515256349825497,2.28722217753805,1.8200215417106826,1.7101056402369774,1.7728672418029487,2.282765889057446,1.3544540473068718,-0.3439117826575238
-1.2146669043925045,-0.6999950505092654,-0.7432990353709374,-0.6332471645125597,-0.5495613588663254,1.7728672418029487,-0.17966213015729893,-0.6118250369454719,-0.3439117826575238
-0.8592662488167989,-0.6999950505092654,-0.40657445615882776,-0.6332471645125597,-0.5495613588663254,-0.698853088286125,-0.17966213015729893,-0.6118250369454719,-0.3439117826575238
-0.8592662488167989,-0.6999950505092654,-0.7432990353709374,-0.6332471645125597,-0.5495613588663254,-0.698853088286125,-1.000471469895547,-0.6118250369454719,1.9900138103289726
-0.1484649376653878,-0.3720483076768415,-0.7432990353709374,-0.6332471645125597,-0.5495613588663254,-0.698853088286125,-0.590066800026423,-0.6118250369454719,-0.3439117826575238
-1.2146669043925045,-0.6999950505092654,-0.7432990353709374,-0.6332471645125597,-1.001494758686986,-0.698853088286125,-0.17966213015729893,-0.6118250369454719,-0.3439117826575238
-0.8592662488167989,-0.6999950505092654,-0.7432990353709374,-0.6332471645125597,-0.5495613588663254,-0.698853088286125,-0.590066800026423,-0.6118250369454719,-0.3439117826575238
0.20693571791031778,-0.04410156484441759,-0.06984987694671807,0.06768675155122376,-0.5495613588663254,-0.14958190382188638,0.23074253971182512,0.3713145051807,-0.3439117826575238
-1.2146669043925045,-0.6999950505092654,-0.7432990353709374,-0.6332471645125597,-0.5495613588663254,-0.14958190382188638,-0.17966213015729893,-0.6118250369454719,-0.3439117826575238
1.2731376846374345,1.267685406485278,0.6035992814775013,2.520955457774466,1.7101056402369774,1.4982316495708294,0.6411472095809492,0.699027685889424,1.4065324120823484
0.9177370290617288,0.2838451779880063,0.940323860689611,0.4181537095831155,1.258172240416317,-0.698853088286125,0.23074253971182512,0.04360132447197608,-0.3439117826575238
-0.1484649376653878,-0.6999950505092654,-0.7432990353709374,-0.6332471645125597,-0.5495613588663254,-0.698853088286125,-0.590066800026423,-0.6118250369454719,-0.3439117826575238
-0.1484649376653878,-0.6999950505092654,-0.7432990353709374,-0.6332471645125597,-0.5495613588663254,-0.698853088286125,-0.17966213015729893,-0.6118250369454719,-0.3439117826575238
1.9839389957888456,1.267685406485278,1.2770484399017208,1.119087625646899,0.35430544077499576,1.7728672418029487,0.23074253971182512,-0.6118250369454719,0.23956961558910025
0.5623363734860233,-0.6999950505092654,-0.7432990353709374,-0.6332471645125597,-0.5495613588663254,-0.698853088286125,-0.17966213015729893,-0.6118250369454719,-0.3439117826575238
0.9177370290617288,-0.04410156484441759,-0.40657445615882776,2.520955457774466,0.8062388405956563,1.7728672418029487,0.6411472095809492,0.3713145051807,1.4065324120823484
1.9839389957888456,0.6117919208204302,0.6035992814775013,0.06768675155122376,1.258172240416317,0.9489604651065908,1.4619565493191973,2.3375935894330437,-0.3439117826575238
-0.5038655932410934,-0.6999950505092654,-0.7432990353709374,-0.6332471645125597,-0.5495613588663254,-0.698853088286125,-0.590066800026423,-0.6118250369454719,-0.3439117826575238
1.2731376846374345,0.2838451779880063,0.6035992814775013,-0.6332471645125597,-0.5495613588663254,,1.4619565493191973,0.04360132447197608,-0.3439117826575238
-1.2146669043925045,-0.6999950505092654,-0.7432990353709374,-0.6332471645125597,-0.5495613588663254,-0.698853088286125,-0.17966213015729893,-0.6118250369454719,-0.3439117826575238
0.20693571791031778,-0.3720483076768415,-0.06984987694671807,0.4181537095831155,-0.5495613588663254,0.9489604651065908,-0.17966213015729893,1.026740866598148,-0.3439117826575238
-0.5038655932410934,-0.3720483076768415,-0.7432990353709374,-0.6332471645125597,-1.001494758686986,-0.698853088286125,-0.590066800026423,-0.6118250369454719,-0.3439117826575238
0.20693571791031778,-0.6999950505092654,-0.7432990353709374,-0.6332471645125597,-0.5495613588663254,-0.698853088286125,-0.590066800026423,-0.6118250369454719,-0.3439117826575238
-0.8592662488167989,-0.6999950505092654,-0.7432990353709374,-0.6332471645125597,-0.5495613588663254,-0.698853088286125,-0.590066800026423,-0.6118250369454719,-0.3439117826575238
-1.2146669043925045,-0.6999950505092654,-0.06984987694671807,-0.6332471645125597,-0.5495613588663254,-0.698853088286125,-1.000471469895547,-0.6118250369454719,-0.3439117826575238
-0.5038655932410934,-0.6999950505092654,-0.7432990353709374,-0.6332471645125597,-1.001494758686986,-0.698853088286125,-0.590066800026423,-0.6118250369454719,-0.3439117826575238
-0.8592662488167989,-0.6999950505092654,-0.7432990353709374,-0.6332471645125597,-0.5495613588663254,-0.698853088286125,-0.17966213015729893,-0.6118250369454719,-0.3439117826575238
1.9839389957888456,1.267685406485278,1.2770484399017208,0.06768675155122376,2.162039040057638,0.3996892806423522,1.4619565493191973,0.3713145051807,0.8230510138357243
-0.8592662488167989,-0.6999950505092654,-0.7432990353709374,-0.282780206480668,-0.5495613588663254,-0.698853088286125,-0.17966213015729893,-0.6118250369454719,-0.3439117826575238
-0.5038655932410934,-0.6999950505092654,-0.40657445615882776,-0.6332471645125597,-0.5495613588663254,-0.698853088286125,-0.590066800026423,-0.6118250369454719,-0.3439117826575238
-0.8592662488167989,-0.6999950505092654,-0.7432990353709374,-0.6332471645125597,-0.5495613588663254,-0.698853088286125,-0.590066800026423,-0.6118250369454719,-0.3439117826575238
1.9839389957888456,2.2515256349825497,2.28722217753805,1.8200215417106826,1.258172240416317,-0.698853088286125,1.8723612191883217,2.0098804087243196,-0.3439117826575238
0.5623363734860233,-0.3720483076768415,-0.7432990353709374,-0.6332471645125597,-1.001494758686986,-0.698853088286125,1.4619565493191973,-0.6118250369454719,-0.3439117826575238
0.20693571791031778,0.2838451779880063,0.2668747022653916,2.170488499742574,-0.5495613588663254,1.7728672418029487,0.6411472095809492,1.026740866598148,-0.3439117826575238
-0.8592662488167989,0.6117919208204302,-0.06984987694671807,0.06768675155122376,1.258172240416317,0.9489604651065908,1.4619565493191973,0.699027685889424,-0.3439117826575238
0.5623363734860233,0.9397386636528541,0.940323860689611,2.170488499742574,1.258172240416317,,1.4619565493191973,1.682167228015596,-0.3439117826575238
1.9839389957888456,0.2838451779880063,-0.06984987694671807,-0.6332471645125597,-0.0976279590456648,-0.14958190382188638,1.0515518794500733,0.699027685889424,0.23956961558910025
0.5623363734860233,2.2515256349825497,2.28722217753805,-0.282780206480668,2.162039040057638,1.7728672418029487,1.4619565493191973,0.04360132447197608,0.8230510138357243
0.20693571791031778,0.9397386636528541,0.6035992814775013,1.119087625646899,3.065905839698959,-0.698853088286125,-0.17966213015729893,-0.6118250369454719,-0.3439117826575238
1.9839389957888456,2.2515256349825497,2.28722217753805,0.4181537095831155,2.162039040057638,-0.698853088286125,1.8723612191883217,2.3375935894330437,-0.3439117826575238
-1.2146669043925045,-0.6999950505092654,-0.7432990353709374,-0.6332471645125597,-0.5495613588663254,-0.698853088286125,-0.590066800026423,-0.6118250369454719,0.23956961558910025
-0.5038655932410934,1.267685406485278,1.2770484399017208,0.4181537095831155,0.35430544077499576,1.4982316495708294,0.23074253971182512,1.682167228015596,-0.3439117826575238
-1.2146669043925045,-0.6999950505092654,-0.7432990353709374,-0.6332471645125597,-0.5495613588663254,-0.698853088286125,-0.590066800026423,-0.6118250369454719,-0.3439117826575238
-0.1484649376653878,-0.6999950505092654,-0.7432990353709374,0.06768675155122376,-0.5495613588663254,-0.698853088286125,-0.17966213015729893,-0.6118250369454719,-0.3439117826575238
0.9177370290617288,1.595632149317702,1.2770484399017208,-0.282780206480668,0.35430544077499576,1.2235960573387101,-0.17966213015729893,1.682167228015596,0.23956961558910025
1.62853834021314,0.6117919208204302,1.6137730191138304,-0.6332471645125597,-0.5495613588663254,-0.14958190382188638,-0.590066800026423,-0.6118250369454719,1.9900138103289726
0.20693571791031778,-0.04410156484441759,-0.06984987694671807,0.4181537095831155,-0.5495613588663254,0.12505368841023293,-0.17966213015729893,0.3713145051807,-0.3439117826575238
1.9839389957888456,-0.04410156484441759,0.940323860689611,-0.282780206480668,-0.0976279590456648,0.3996892806423522,0.23074253971182512,2.3375935894330437,0.23956961558910025
0.20693571791031778,0.6117919208204302,0.6035992814775013,1.8200215417106826,3.065905839698959,1.2235960573387101,1.4619565493191973,0.04360132447197608,3.1569766068222207
1.9839389957888456,0.6117919208204302,0.6035992814775013,1.119087625646899,2.162039040057638,1.2235960573387101,1.4619565493191973,-0.6118250369454719,-0.3439117826575238
1.9839389957888456,0.9397386636528541,0.940323860689611,0.06768675155122376,0.35430544077499576,0.3996892806423522,-0.17966213015729893,1.026740866598148,-0.3439117826575238
1.2731376846374345,2.2515256349825497,2.28722217753805,-0.6332471645125597,-0.0976279590456648,0.6743248728744715,-0.17966213015729893,2.0098804087243196,-0.3439117826575238
1.2731376846374345,-0.3720483076768415,0.2668747022653916,-0.6332471645125597,0.8062388405956563,-0.698853088286125,0.6411472095809492,0.3713145051807,1.4065324120823484
0.20693571791031778,-0.3720483076768415,-0.06984987694671807,-0.6332471645125597,1.258172240416317,1.7728672418029487,0.6411472095809492,-0.6118250369454719,-0.3439117826575238
1.62853834021314,0.6117919208204302,0.6035992814775013,-0.282780206480668,-0.5495613588663254,-0.4242174960540057,0.6411472095809492,-0.6118250369454719,-0.3439117826575238
0.20693571791031778,-0.04410156484441759,0.6035992814775013,0.7686206676150072,-0.0976279590456648,-0.14958190382188638,0.23074253971182512,2.3375935894330437,-0.3439117826575238
-1.2146669043925045,-0.6999950505092654,-0.7432990353709374,-0.6332471645125597,-0.5495613588663254,-0.4242174960540057,-0.590066800026423,-0.6118250369454719,-0.3439117826575238
1.62853834021314,2.2515256349825497,2.28722217753805,-0.6332471645125597,3.065905839698959,1.2235960573387101,-0.17966213015729893,0.04360132447197608,-0.3439117826575238
0.5623363734860233,-0.04410156484441759,0.2668747022653916,-0.6332471645125597,0.8062388405956563,-0.4242174960540057,-0.17966213015729893,2.0098804087243196,-0.3439117826575238
-1.2146669043925045,-0.6999950505092654,-0.7432990353709374,-0.6332471645125597,-0.5495613588663254,-0.698853088286125,-0.590066800026423,-0.6118250369454719,-0.3439117826575238
1.9839389957888456,0.2838451779880063,-0.40657445615882776,-0.6332471645125597,-0.0976279590456648,-0.4242174960540057,0.23074253971182512,0.04360132447197608,4.907420801562092
-0.1484649376653878,-0.6999950505092654,-0.7432990353709374,-0.6332471645125597,-0.5495613588663254,-0.698853088286125,-0.17966213015729893,-0.6118250369454719,-0.3439117826575238
0.20693571791031778,-0.04410156484441759,0.2668747022653916,-0.6332471645125597,2.162039040057638,1.7728672418029487,0.23074253971182512,2.0098804087243196,-0.3439117826575238
1.2731376846374345,-0.04410156484441759,1.6137730191138304,0.06768675155122376,0.35430544077499576,1.4982316495708294,1.8723612191883217,2.0098804087243196,3.7404580050688447
-1.2146669043925045,-0.6999950505092654,-0.7432990353709374,-0.6332471645125597,-0.5495613588663254,-0.698853088286125,-0.17966213015729893,-0.28411185623674784,-0.3439117826575238
0.20693571791031778,-0.6999950505092654,-0.06984987694671807,-0.6332471645125597,-0.5495613588663254,-0.698853088286125,-0.590066800026423,-0.6118250369454719,-0.3439117826575238
0.5623363734860233,2.2515256349825497,-0.40657445615882776,1.8200215417106826,3.065905839698959,-0.4242174960540057,1.4619565493191973,1.682167228015596,4.907420801562092
-1.2146669043925045,-0.04410156484441759,-0.06984987694671807,-0.282780206480668,-0.5495613588663254,-0.698853088286125,1.4619565493191973,-0.28411185623674784,-0.3439117826575238
1.62853834021314,0.2838451779880063,0.6035992814775013,2.520955457774466,1.258172240416317,1.7728672418029487,0.23074253971182512,1.682167228015596,-0.3439117826575238
1.9839389957888456,0.9397386636528541,0.2668747022653916,-0.6332471645125597,-0.0976279590456648,0.12505368841023293,-0.17966213015729893,-0.28411185623674784,0.8230510138357243
-1.2146669043925045,-0.6999950505092654,-0.40657445615882776,-0.6332471645125597,-0.5495613588663254,-0.4242174960540057,0.23074253971182512,-0.28411185623674784,-0.3439117826575238
-1.2146669043925045,-0.6999950505092654,0.2668747022653916,-0.6332471645125597,-0.5495613588663254,-0.698853088286125,-0.590066800026423,-0.6118250369454719,-0.3439117826575238
0.20693571791031778,-0.04410156484441759,-0.7432990353709374,-0.282780206480668,-0.5495613588663254,-0.698853088286125,-0.590066800026423,-0.6118250369454719,-0.3439117826575238
-0.5038655932410934,-0.6999950505092654,-0.7432990353709374,-0.6332471645125597,-0.5495613588663254,-0.14958190382188638,-0.17966213015729893,-0.6118250369454719,-0.3439117826575238
-0.8592662488167989,-0.6999950505092654,-0.7432990353709374,-0.6332471645125597,-0.0976279590456648,-0.698853088286125,-0.590066800026423,-0.6118250369454719,-0.3439117826575238
-0.8592662488167989,-0.3720483076768415,-0.40657445615882776,-0.6332471645125597,-1.001494758686986,-0.698853088286125,1.4619565493191973,-0.6118250369454719,-0.3439117826575238
-0.1484649376653878,-0.6999950505092654,-0.7432990353709374,-0.282780206480668,-0.5495613588663254,-0.698853088286125,-0.590066800026423,-0.6118250369454719,-0.3439117826575238
0.20693571791031778,-0.3720483076768415,-0.7432990353709374,-0.6332471645125597,-0.5495613588663254,-0.698853088286125,-0.17966213015729893,-0.6118250369454719,-0.3439117826575238
-0.5038655932410934,-0.6999950505092654,-0.7432990353709374,-0.6332471645125597,-0.5495613588663254,-0.4242174960540057,1.4619565493191973,-0.6118250369454719,-0.3439117826575238
-0.5038655932410934,0.6117919208204302,1.2770484399017208,1.8200215417106826,2.162039040057638,1.4982316495708294,1.4619565493191973,2.3375935894330437,3.1569766068222207
0.20693571791031778,2.2515256349825497,0.940323860689611,-0.6332471645125597,3.065905839698959,0.12505368841023293,0.23074253971182512,2.3375935894330437,4.907420801562092
-0.5038655932410934,-0.04410156484441759,0.940323860689611,0.4181537095831155,0.8062388405956563,1.2235960573387101,0.23074253971182512,0.3713145051807,-0.3439117826575238
-0.5038655932410934,0.9397386636528541,0.940323860689611,1.119087625646899,0.8062388405956563,1.7728672418029487,1.0515518794500733,1.682167228015596,0.8230510138357243
-0.1484649376653878,-0.6999950505092654,-0.7432990353709374,-0.6332471645125597,-0.5495613588663254,-0.698853088286125,-0.17966213015729893,-0.6118250369454719,-0.3439117826575238
-0.8592662488167989,-0.6999950505092654,-0.7432990353709374,-0.282780206480668,-0.0976279590456648,-0.698853088286125,-0.590066800026423,-0.6118250369454719,-0.3439117826575238
-1.2146669043925045,-0.6999950505092654,-0.7432990353709374,-0.6332471645125597,-0.5495613588663254,-0.698853088286125,-0.17966213015729893,-0.6118250369454719,-0.3439117826575238
-0.5038655932410934,-0.6999950505092654,-0.7432990353709374,-0.282780206480668,-0.5495613588663254,-0.698853088286125,-1.000471469895547,-0.6118250369454719,-0.3439117826575238
-0.1484649376653878,-0.6999950505092654,-0.7432990353709374,-0.6332471645125597,-0.5495613588663254,-0.698853088286125,-0.17966213015729893,-0.6118250369454719,-0.3439117826575238
-1.2146669043925045,-0.6999950505092654,-0.7432990353709374,-0.6332471645125597,-0.5495613588663254,-0.698853088286125,-0.590066800026423,-0.6118250369454719,-0.3439117826575238
-0.8592662488167989,-0.6999950505092654,-0.7432990353709374,-0.6332471645125597,-0.5495613588663254,-0.698853088286125,-0.17966213015729893,-0.6118250369454719,-0.3439117826575238
-1.2146669043925045,-0.6999950505092654,-0.7432990353709374,-0.6332471645125597,-0.5495613588663254,-0.698853088286125,-0.17966213015729893,-0.6118250369454719,-0.3439117826575238
-0.8592662488167989,-0.6999950505092654,-0.7432990353709374,-0.282780206480668,-0.5495613588663254,-0.698853088286125,-1.000471469895547,-0.6118250369454719,-0.3439117826575238
0.20693571791031778,-0.6999950505092654,-0.7432990353709374,-0.6332471645125597,-0.5495613588663254,-0.698853088286125,-0.17966213015729893,-0.6118250369454719,-0.3439117826575238
1.62853834021314,0.9397386636528541,1.95049759832594,-0.282780206480668,3.065905839698959,0.6743248728744715,-0.590066800026423,2.0098804087243196,4.907420801562092
0.9177370290617288,0.6117919208204302,0.940323860689611,2.520955457774466,0.8062388405956563,1.7728672418029487,1.4619565493191973,2.0098804087243196,1.4065324120823484
1.9839389957888456,-0.04410156484441759,0.6035992814775013,-0.6332471645125597,3.065905839698959,0.3996892806423522,-0.17966213015729893,2.3375935894330437,0.23956961558910025
-0.8592662488167989,-0.04410156484441759,0.2668747022653916,0.4181537095831155,-0.5495613588663254,0.3996892806423522,-0.590066800026423,0.699027685889424,-0.3439117826575238
-0.1484649376653878,-0.6999950505092654,-0.40657445615882776,-0.6332471645125597,-0.5495613588663254,-0.698853088286125,-0.17966213015729893,-0.6118250369454719,-0.3439117826575238
1.2731376846374345,-0.3720483076768415,-0.06984987694671807,-0.6332471645125597,1.258172240416317,-0.14958190382188638,1.4619565493191973,-0.6118250369454719,-0.3439117826575238
1.9839389957888456,2.2515256349825497,2.28722217753805,2.520955457774466,3.065905839698959,-0.698853088286125,1.8723612191883217,1.682167228015596,3.7404580050688447
0.9177370290617288,-0.04410156484441759,0.2668747022653916,0.4181537095831155,-0.0976279590456648,-0.14958190382188638,-0.17966213015729893,-0.28411185623674784,3.1569766068222207
1.9839389957888456,2.2515256349825497,2.28722217753805,1.8200215417106826,-0.5495613588663254,1.7728672418029487,0.23074253971182512,-0.6118250369454719,-0.3439117826575238
-1.2146669043925045,0.9397386636528541,1.6137730191138304,2.520955457774466,2.162039040057638,1.7728672418029487,0.6411472095809492,1.3544540473068718,-0.3439117826575238
-1.2146669043925045,-0.6999950505092654,-0.7432990353709374,-0.6332471645125597,-0.5495613588663254,-0.698853088286125,-0.590066800026423,0.04360132447197608,-0.3439117826575238
0.5623363734860233,0.6117919208204302,0.2668747022653916,0.4181537095831155,-0.0976279590456648,1.4982316495708294,1.4619565493191973,1.682167228015596,0.8230510138357243
-1.2146669043925045,-0.04410156484441759,-0.7432990353709374,-0.282780206480668,-0.5495613588663254,-0.4242174960540057,0.6411472095809492,0.04360132447197608,0.23956961558910025
1.2731376846374345,0.9397386636528541,0.2668747022653916,0.06768675155122376,0.8062388405956563,1.4982316495708294,-0.17966213015729893,-0.6118250369454719,-0.3439117826575238
1.9839389957888456,-0.04410156484441759,-0.06984987694671807,2.520955457774466,-0.5495613588663254,1.7728672418029487,1.4619565493191973,0.04360132447197608,0.8230510138357243
1.9839389957888456,2.2515256349825497,2.28722217753805,0.06768675155122376,3.065905839698959,1.2235960573387101,1.8723612191883217,-0.6118250369454719,-0.3439117826575238
-0.5038655932410934,-0.04410156484441759,-0.40657445615882776,-0.6332471645125597,-0.5495613588663254,-0.14958190382188638,-0.17966213015729893,-0.6118250369454719,-0.3439117826575238
-1.2146669043925045,-0.6999950505092654,-0.7432990353709374,-0.6332471645125597,-0.5495613588663254,0.3996892806423522,-1.000471469895547,-0.6118250369454719,-0.3439117826575238
1.2731376846374345,-0.04410156484441759,-0.06984987694671807,-0.6332471645125597,-0.5495613588663254,-0.4242174960540057,-0.17966213015729893,-0.28411185623674784,-0.3439117826575238
-0.1484649376653878,0.6117919208204302,0.6035992814775013,2.520955457774466,0.35430544077499576,1.7728672418029487,1.4619565493191973,0.699027685889424,3.7404580050688447
-1.2146669043925045,-0.6999950505092654,-0.7432990353709374,-0.6332471645125597,0.35430544077499576,-0.14958190382188638,-1.000471469895547,-0.6118250369454719,-0.3439117826575238
-0.5038655932410934,-0.3720483076768415,-0.7432990353709374,-0.6332471645125597,-0.5495613588663254,-0.4242174960540057,-0.17966213015729893,-0.6118250369454719,-0.3439117826575238
-1.2146669043925045,-0.6999950505092654,-0.40657445615882776,-0.282780206480668,-0.5495613588663254,-0.698853088286125,-0.17966213015729893,-0.6118250369454719,-0.3439117826575238
-0.1484649376653878,-0.3720483076768415,-0.7432990353709374,-0.6332471645125597,-0.5495613588663254,-0.4242174960540057,-0.17966213015729893,-0.6118250369454719,-0.3439117826575238
1.9839389957888456,2.2515256349825497,2.28722217753805,-0.282780206480668,3.065905839698959,1.7728672418029487,0.6411472095809492,0.04360132447197608,0.8230510138357243
0.20693571791031778,-0.04410156484441759,0.6035992814775013,-0.6332471645125597,2.162039040057638,1.7728672418029487,0.6411472095809492,0.04360132447197608,-0.3439117826575238
0.20693571791031778,0.2838451779880063,0.940323860689611,1.4695545836787909,2.6139724398782986,0.9489604651065908,1.8723612191883217,2.3375935894330437,-0.3439117826575238
-1.2146669043925045,-0.6999950505092654,-0.7432990353709374,-0.6332471645125597,-0.5495613588663254,-0.698853088286125,-0.590066800026423,-0.6118250369454719,-0.3439117826575238
0.9177370290617288,0.6117919208204302,-0.06984987694671807,1.4695545836787909,0.35430544077499576,1.7728672418029487,1.4619565493191973,0.699027685889424,1.9900138103289726
-0.5038655932410934,-0.6999950505092654,-0.7432990353709374,-0.6332471645125597,-0.5495613588663254,-0.698853088286125,-0.17966213015729893,-0.6118250369454719,-0.3439117826575238
1.2731376846374345,-0.04410156484441759,0.6035992814775013,0.4181537095831155,0.8062388405956563,1.7728672418029487,-1.000471469895547,1.026740866598148,0.23956961558910025
-1.2146669043925045,-0.6999950505092654,-0.7432990353709374,-0.6332471645125597,3.065905839698959,-0.698853088286125,-1.000471469895547,-0.6118250369454719,-0.3439117826575238
0.20693571791031778,-0.6999950505092654,-0.06984987694671807,-0.6332471645125597,-0.5495613588663254,-0.698853088286125,-0.590066800026423,-0.6118250369454719,-0.3439117826575238
-0.8592662488167989,-0.6999950505092654,-0.7432990353709374,-0.6332471645125597,-0.5495613588663254,-0.698853088286125,-0.17966213015729893,-0.6118250369454719,-0.3439117826575238
0.20693571791031778,2.2515256349825497,1.6137730191138304,2.520955457774466,2.162039040057638,1.7728672418029487,-0.17966213015729893,1.026740866598148,0.8230510138357243
-0.5038655932410934,-0.6999950505092654,-0.7432990353709374,-0.6332471645125597,-0.5495613588663254,-0.698853088286125,-0.590066800026423,-0.28411185623674784,-0.3439117826575238
-0.5038655932410934,-0.6999950505092654,-0.7432990353709374,-0.6332471645125597,-0.0976279590456648,-0.698853088286125,-0.590066800026423,-0.6118250369454719,-0.3439117826575238
0.20693571791031778,-0.6999950505092654,-0.7432990353709374,-0.6332471645125597,-0.5495613588663254,-0.4242174960540057,-0.17966213015729893,0.04360132447197608,-0.3439117826575238
-0.1484649376653878,-0.6999950505092654,-0.7432990353709374,-0.6332471645125597,-0.5495613588663254,-0.698853088286125,-0.590066800026423,-0.6118250369454719,-0.3439117826575238
-0.5038655932410934,-0.6999950505092654,-0.7432990353709374,-0.6332471645125597,-0.5495613588663254,-0.698853088286125,-1.000471469895547,-0.6118250369454719,-0.3439117826575238
-0.1484649376653878,-0.6999950505092654,-0.40657445615882776,-0.6332471645125597,-0.5495613588663254,-0.698853088286125,-0.590066800026423,-0.6118250369454719,-0.3439117826575238
-1.2146669043925045,-0.6999950505092654,-0.7432990353709374,-0.6332471645125597,-1.001494758686986,,-0.590066800026423,-0.6118250369454719,-0.3439117826575238
-0.5038655932410934,-0.6999950505092654,-0.7432990353709374,-0.6332471645125597,-0.5495613588663254,-0.698853088286125,-1.000471469895547,-0.6118250369454719,-0.3439117826575238
-0.8592662488167989,-0.6999950505092654,-0.7432990353709374,-0.6332471645125597,-0.5495613588663254,-0.698853088286125,-1.000471469895547,-0.6118250369454719,-0.3439117826575238
1.62853834021314,0.6117919208204302,0.6035992814775013,0.4181537095831155,0.35430544077499576,0.3996892806423522,0.23074253971182512,0.04360132447197608,0.8230510138357243
-1.2146669043925045,-0.6999950505092654,-0.7432990353709374,-0.6332471645125597,-0.5495613588663254,0.3996892806423522,-1.000471469895547,-0.6118250369454719,-0.3439117826575238
-0.8592662488167989,-0.6999950505092654,-0.7432990353709374,-0.6332471645125597,-0.5495613588663254,-0.698853088286125,-0.590066800026423,-0.6118250369454719,-0.3439117826575238
-1.2146669043925045,-0.6999950505092654,-0.06984987694671807,-0.6332471645125597,-0.5495613588663254,,-0.590066800026423,-0.6118250369454719,-0.3439117826575238
-0.5038655932410934,0.2838451779880063,0.6035992814775013,-0.282780206480668,1.258172240416317,1.2235960573387101,0.23074253971182512,-0.6118250369454719,-0.3439117826575238
-1.2146669043925045,-0.6999950505092654,-0.7432990353709374,-0.6332471645125597,-0.0976279590456648,-0.4242174960540057,-0.590066800026423,-0.6118250369454719,-0.3439117826575238
-0.5038655932410934,-0.6999950505092654,-0.7432990353709374,0.06768675155122376,2.162039040057638,-0.698853088286125,0.6411472095809492,1.682167228015596,-0.3439117826575238
1.2731376846374345,1.595632149317702,1.2770484399017208,0.4181537095831155,3.065905839698959,1.7728672418029487,1.4619565493191973,1.682167228015596,3.1569766068222207
-1.2146669043925045,-0.6999950505092654,-0.7432990353709374,-0.6332471645125597,-1.001494758686986,-0.698853088286125,-0.17966213015729893,-0.6118250369454719,-0.3439117826575238
0.9177370290617288,-0.3720483076768415,0.2668747022653916,-0.6332471645125597,1.258172240416317,1.7728672418029487,0.6411472095809492,0.3713145051807,0.8230510138357243
1.9839389957888456,2.2515256349825497,1.6137730191138304,1.119087625646899,0.35430544077499576,0.3996892806423522,1.8723612191883217,2.3375935894330437,-0.3439117826575238
-0.1484649376653878,-0.6999950505092654,-0.7432990353709374,-0.6332471645125597,-0.5495613588663254,-0.14958190382188638,-1.000471469895547,-0.6118250369454719,-0.3439117826575238
-1.2146669043925045,-0.6999950505092654,-0.7432990353709374,-0.6332471645125597,-0.5495613588663254,-0.698853088286125,-1.000471469895547,-0.6118250369454719,-0.3439117826575238
0.20693571791031778,0.6117919208204302,0.6035992814775013,1.119087625646899,-0.0976279590456648,1.7728672418029487,-0.17966213015729893,-0.6118250369454719,-0.3439117826575238
-1.2146669043925045,-0.3720483076768415,-0.40657445615882776,-0.6332471645125597,-0.5495613588663254,-0.698853088286125,-0.590066800026423,-0.6118250369454719,-0.3439117826575238
-0.8592662488167989,-0.6999950505092654,-0.7432990353709374,-0.6332471645125597,-0.5495613588663254,-0.698853088286125,-0.17966213015729893,-0.6118250369454719,-0.3439117826575238
-1.2146669043925045,-0.6999950505092654,-0.40657445615882776,-0.6332471645125597,-0.0976279590456648,,-1.000471469895547,-0.6118250369454719,-0.3439117826575238
1.62853834021314,1.9235788921501258,2.28722217753805,0.06768675155122376,1.258172240416317,1.7728672418029487,1.4619565493191973,2.3375935894330437,2.5734952085755967
1.9839389957888456,1.267685406485278,1.2770484399017208,0.4181537095831155,0.8062388405956563,1.7728672418029487,0.6411472095809492,1.3544540473068718,0.23956961558910025
-0.1484649376653878,-0.6999950505092654,-0.7432990353709374,-0.6332471645125597,-0.5495613588663254,-0.698853088286125,-0.17966213015729893,-0.28411185623674784,-0.3439117826575238
-0.5038655932410934,-0.6999950505092654,-0.7432990353709374,-0.6332471645125597,-0.5495613588663254,-0.698853088286125,-0.17966213015729893,-0.6118250369454719,-0.3439117826575238
-1.2146669043925045,-0.6999950505092654,-0.7432990353709374,-0.282780206480668,-1.001494758686986,-0.14958190382188638,-1.000471469895547,-0.6118250369454719,3.1569766068222207
0.20693571791031778,-0.6999950505092654,-0.7432990353709374,-0.6332471645125597,-0.5495613588663254,,-0.17966213015729893,-0.6118250369454719,-0.3439117826575238
-0.1484649376653878,-0.6999950505092654,-0.7432990353709374,-0.6332471645125597,-0.5495613588663254,-0.4242174960540057,-0.17966213015729893,-0.28411185623674784,-0.3439117826575238
0.20693571791031778,0.9397386636528541,1.2770484399017208,1.8200215417106826,2.162039040057638,1.7728672418029487,-0.17966213015729893,2.3375935894330437,0.8230510138357243
1.9839389957888456,1.595632149317702,2.28722217753805,2.520955457774466,1.258172240416317,-0.698853088286125,-0.17966213015729893,-0.6118250369454719,4.907420801562092
-0.5038655932410934,-0.6999950505092654,-0.7432990353709374,-0.6332471645125597,-0.5495613588663254,-0.698853088286125,-0.17966213015729893,-0.6118250369454719,-0.3439117826575238
-1.2146669043925045,-0.6999950505092654,-0.7432990353709374,-0.282780206480668,-1.001494758686986,-0.698853088286125,-1.000471469895547,-0.6118250369454719,-0.3439117826575238
-0.5038655932410934,-0.6999950505092654,-0.7432990353709374,-0.6332471645125597,-0.5495613588663254,-0.698853088286125,-1.000471469895547,-0.6118250369454719,-0.3439117826575238
-1.2146669043925045,-0.6999950505092654,-0.7432990353709374,-0.6332471645125597,-0.5495613588663254,-0.698853088286125,-0.17966213015729893,-0.6118250369454719,-0.3439117826575238
-1.2146669043925045,-0.6999950505092654,-0.7432990353709374,-0.6332471645125597,-0.5495613588663254,-0.698853088286125,-0.590066800026423,-0.6118250369454719,-0.3439117826575238
0.5623363734860233,2.2515256349825497,2.28722217753805,2.520955457774466,2.162039040057638,1.7728672418029487,2.6931705589265698,2.3375935894330437,3.1569766068222207
1.2731376846374345,0.9397386636528541,0.6035992814775013,0.4181537095831155,-0.0976279590456648,1.7728672418029487,1.0515518794500733,-0.6118250369454719,-0.3439117826575238
0.20693571791031778,1.595632149317702,1.2770484399017208,1.4695545836787909,3.065905839698959,1.7728672418029487,0.6411472095809492,1.3544540473068718,-0.3439117826575238
-0.8592662488167989,-0.6999950505092654,-0.7432990353709374,-0.6332471645125597,-0.5495613588663254,-0.698853088286125,-0.17966213015729893,-0.6118250369454719,-0.3439117826575238
0.20693571791031778,2.2515256349825497,2.28722217753805,0.06768675155122376,2.162039040057638,-0.698853088286125,0.6411472095809492,2.3375935894330437,0.8230510138357243
-0.1484649376653878,-0.6999950505092654,-0.7432990353709374,-0.6332471645125597,-0.5495613588663254,-0.698853088286125,-0.17966213015729893,-0.6118250369454719,-0.3439117826575238
0.20693571791031778,-0.04410156484441759,-0.06984987694671807,0.06768675155122376,1.258172240416317,1.7728672418029487,-0.17966213015729893,-0.6118250369454719,-0.3439117826575238
-1.2146669043925045,-0.6999950505092654,-0.7432990353709374,-0.6332471645125597,-1.001494758686986,-0.698853088286125,-0.17966213015729893,-0.6118250369454719,-0.3439117826575238
-1.2146669043925045,-0.6999950505092654,-0.7432990353709374,-0.6332471645125597,-0.5495613588663254,-0.698853088286125,-1.000471469895547,-0.6118250369454719,-0.3439117826575238
0.5623363734860233,-0.6999950505092654,-0.7432990353709374,-0.6332471645125597,-0.5495613588663254,-0.698853088286125,-0.17966213015729893,-0.6118250369454719,-0.3439117826575238
0.20693571791031778,1.595632149317702,1.6137730191138304,1.8200215417106826,0.8062388405956563,1.7728672418029487,1.4619565493191973,1.682167228015596,-0.3439117826575238
1.2731376846374345,1.267685406485278,0.940323860689611,0.4181537095831155,0.35430544077499576,1.7728672418029487,0.6411472095809492,-0.6118250369454719,-0.3439117826575238
-0.8592662488167989,-0.6999950505092654,-0.7432990353709374,-0.6332471645125597,-1.001494758686986,-0.698853088286125,-0.17966213015729893,-0.6118250369454719,-0.3439117826575238
-1.2146669043925045,0.6117919208204302,1.6137730191138304,1.119087625646899,0.8062388405956563,1.2235960573387101,1.4619565493191973,2.3375935894330437,-0.3439117826575238
1.9839389957888456,0.6117919208204302,0.940323860689611,2.520955457774466,1.258172240416317,1.7728672418029487,1.4619565493191973,1.3544540473068718,4.907420801562092
0.20693571791031778,1.595632149317702,0.2668747022653916,2.520955457774466,0.8062388405956563,1.2235960573387101,2.282765889057446,2.3375935894330437,-0.3439117826575238
-1.2146669043925045,-0.3720483076768415,-0.06984987694671807,-0.6332471645125597,-0.5495613588663254,-0.698853088286125,-0.17966213015729893,-0.6118250369454719,-0.3439117826575238
1.9839389957888456,2.2515256349825497,2.28722217753805,1.8200215417106826,1.258172240416317,1.2235960573387101,1.4619565493191973,2.3375935894330437,-0.3439117826575238
0.9177370290617288,0.6117919208204302,2.28722217753805,2.520955457774466,3.065905839698959,1.7728672418029487,0.23074253971182512,2.3375935894330437,0.8230510138357243
0.20693571791031778,-0.6999950505092654,-0.7432990353709374,-0.6332471645125597,-0.5495613588663254,-0.698853088286125,-0.590066800026423,-0.6118250369454719,-0.3439117826575238
-1.2146669043925045,-0.6999950505092654,-0.7432990353709374,-0.6332471645125597,-0.5495613588663254,-0.698853088286125,-0.17966213015729893,-0.6118250369454719,-0.3439117826575238
-0.5038655932410934,-0.6999950505092654,-0.7432990353709374,-0.6332471645125597,-0.5495613588663254,-0.698853088286125,-0.17966213015729893,-0.6118250369454719,-0.3439117826575238
-0.1484649376653878,-0.6999950505092654,-0.7432990353709374,-0.6332471645125597,-0.5495613588663254,-0.698853088286125,-0.17966213015729893,-0.6118250369454719,-0.3439117826575238
1.2731376846374345,0.2838451779880063,0.2668747022653916,0.7686206676150072,0.35430544077499576,0.9489604651065908,1.4619565493191973,1.682167228015596,0.23956961558910025
0.20693571791031778,-0.6999950505092654,-0.7432990353709374,0.4181537095831155,-0.5495613588663254,-0.698853088286125,-0.17966213015729893,-0.6118250369454719,-0.3439117826575238
-1.2146669043925045,-0.6999950505092654,-0.7432990353709374,-0.6332471645125597,-0.5495613588663254,-0.698853088286125,-1.000471469895547,-0.6118250369454719,-0.3439117826575238
-0.5038655932410934,-0.6999950505092654,-0.7432990353709374,-0.6332471645125597,-0.5495613588663254,-0.698853088286125,-0.590066800026423,-0.6118250369454719,-0.3439117826575238
1.62853834021314,1.267685406485278,1.2770484399017208,0.7686206676150072,0.8062388405956563,1.7728672418029487,1.4619565493191973,1.682167228015596,0.8230510138357243
1.9839389957888456,1.595632149317702,1.6137730191138304,0.4181537095831155,3.065905839698959,1.7728672418029487,1.8723612191883217,-0.6118250369454719,-0.3439117826575238
-1.2146669043925045,-0.6999950505092654,-0.7432990353709374,-0.6332471645125597,-0.5495613588663254,-0.698853088286125,-0.17966213015729893,-0.6118250369454719,-0.3439117826575238
0.20693571791031778,-0.6999950505092654,-0.7432990353709374,-0.6332471645125597,-0.5495613588663254,-0.698853088286125,-0.17966213015729893,-0.6118250369454719,-0.3439117826575238
-1.2146669043925045,-0.6999950505092654,-0.7432990353709374,-0.6332471645125597,-0.5495613588663254,-0.698853088286125,-0.17966213015729893,-0.6118250369454719,-0.3439117826575238
0.20693571791031778,2.2515256349825497,2.28722217753805,2.170488499742574,1.258172240416317,1.7728672418029487,1.4619565493191973,2.3375935894330437,1.9900138103289726
1.9839389957888456,2.2515256349825497,1.95049759832594,0.06768675155122376,1.7101056402369774,0.3996892806423522,-0.17966213015729893,0.699027685889424,-0.3439117826575238
-1.2146669043925045,-0.6999950505092654,-0.7432990353709374,-0.6332471645125597,-1.001494758686986,-0.698853088286125,-0.17966213015729893,-0.6118250369454719,-0.3439117826575238
-1.2146669043925045,-0.6999950505092654,-0.7432990353709374,-0.6332471645125597,-1.001494758686986,-0.698853088286125,-0.17966213015729893,-0.6118250369454719,-0.3439117826575238
0.20693571791031778,-0.6999950505092654,-0.7432990353709374,-0.6332471645125597,-1.001494758686986,-0.698853088286125,-0.17966213015729893,-0.6118250369454719,-0.3439117826575238
1.2731376846374345,2.2515256349825497,2.28722217753805,2.520955457774466,0.8062388405956563,1.7728672418029487,1.8723612191883217,2.3375935894330437,2.5734952085755967
1.2731376846374345,2.2515256349825497,1.6137730191138304,1.8200215417106826,0.35430544077499576,1.2235960573387101,1.4619565493191973,1.3544540473068718,-0.3439117826575238
-1.2146669043925045,-0.6999950505092654,-0.7432990353709374,-0.6332471645125597,-0.5495613588663254,-0.698853088286125,-0.17966213015729893,-0.6118250369454719,-0.3439117826575238
1.9839389957888456,2.2515256349825497,2.28722217753805,2.520955457774466,1.7101056402369774,1.7728672418029487,1.4619565493191973,2.3375935894330437,1.4065324120823484
1.9839389957888456,2.2515256349825497,2.28722217753805,2.520955457774466,-0.0976279590456648,1.7728672418029487,2.6931705589265698,1.026740866598148,-0.3439117826575238
1.2731376846374345,1.267685406485278,1.6137730191138304,1.4695545836787909,0.8062388405956563,0.3996892806423522,0.6411472095809492,2.3375935894330437,0.23956961558910025
-1.2146669043925045,-0.6999950505092654,-0.7432990353709374,-0.6332471645125597,-0.5495613588663254,-0.698853088286125,-0.590066800026423,-0.6118250369454719,-0.3439117826575238
-1.2146669043925045,-0.6999950505092654,-0.7432990353709374,-0.6332471645125597,-0.5495613588663254,-0.698853088286125,-0.17966213015729893,-0.6118250369454719,-0.3439117826575238
0.5623363734860233,2.2515256349825497,1.2770484399017208,1.4695545836787909,1.258172240416317,0.12505368841023293,1.8723612191883217,2.3375935894330437,0.23956961558910025
0.5623363734860233,-0.6999950505092654,-0.06984987694671807,-0.6332471645125597,-0.5495613588663254,-0.698853088286125,-0.17966213015729893,-0.6118250369454719,-0.3439117826575238
-1.2146669043925045,-0.6999950505092654,-0.7432990353709374,-0.282780206480668,-0.5495613588663254,-0.698853088286125,-0.17966213015729893,-0.6118250369454719,-0.3439117826575238
1.9839389957888456,0.9397386636528541,0.2668747022653916,0.06768675155122376,3.065905839698959,1.7728672418029487,2.282765889057446,2.3375935894330437,-0.3439117826575238
-0.1484649376653878,-0.6999950505092654,-0.7432990353709374,0.06768675155122376,-1.001494758686986,0.3996892806423522,-0.590066800026423,-0.6118250369454719,-0.3439117826575238
0.9177370290617288,0.6117919208204302,0.940323860689611,0.06768675155122376,-0.0976279590456648,1.2235960573387101,1.4619565493191973,0.3713145051807,-0.3439117826575238
1.9839389957888456,0.6117919208204302,0.6035992814775013,1.119087625646899,-0.0976279590456648,1.7728672418029487,1.4619565493191973,2.0098804087243196,0.23956961558910025
-1.2146669043925045,-0.6999950505092654,-0.7432990353709374,-0.6332471645125597,-0.5495613588663254,-0.698853088286125,-0.590066800026423,-0.6118250369454719,-0.3439117826575238
1.9839389957888456,0.6117919208204302,1.2770484399017208,0.4181537095831155,0.35430544077499576,1.7728672418029487,1.8723612191883217,2.0098804087243196,-0.3439117826575238
1.2731376846374345,1.9235788921501258,1.95049759832594,0.7686206676150072,-0.0976279590456648,0.3996892806423522,1.4619565493191973,1.3544540473068718,-0.3439117826575238
-1.2146669043925045,-0.6999950505092654,-0.7432990353709374,-0.6332471645125597,-1.001494758686986,-0.698853088286125,-0.17966213015729893,-0.6118250369454719,-0.3439117826575238
1.9839389957888456,2.2515256349825497,2.28722217753805,0.06768675155122376,3.065905839698959,1.7728672418029487,2.282765889057446,2.3375935894330437,-0.3439117826575238
0.9177370290617288,0.2838451779880063,1.2770484399017208,0.4181537095831155,-0.0976279590456648,0.9489604651065908,1.4619565493191973,1.026740866598148,-0.3439117826575238
0.5623363734860233,1.595632149317702,1.2770484399017208,0.7686206676150072,1.258172240416317,1.2235960573387101,1.8723612191883217,2.0098804087243196,0.23956961558910025
1.2731376846374345,0.2838451779880063,0.940323860689611,0.06768675155122376,-0.0976279590456648,-0.698853088286125,0.23074253971182512,0.04360132447197608,-0.3439117826575238
1.9839389957888456,0.2838451779880063,0.6035992814775013,0.7686206676150072,0.8062388405956563,1.7728672418029487,0.23074253971182512,-0.6118250369454719,-0.3439117826575238
-0.5038655932410934,-0.04410156484441759,-0.40657445615882776,-0.6332471645125597,-0.0976279590456648,-0.698853088286125,-0.17966213015729893,1.026740866598148,-0.3439117826575238
-0.5038655932410934,-0.6999950505092654,0.2668747022653916,-0.6332471645125597,-0.5495613588663254,,-0.17966213015729893,-0.6118250369454719,-0.3439117826575238
1.9839389957888456,1.595632149317702,1.6137730191138304,-0.282780206480668,2.162039040057638,1.7728672418029487,0.23074253971182512,1.682167228015596,4.907420801562092
1.62853834021314,1.595632149317702,1.6137730191138304,0.7686206676150072,1.258172240416317,-0.4242174960540057,0.23074253971182512,2.3375935894330437,1.4065324120823484
1.2731376846374345,2.2515256349825497,2.28722217753805,1.8200215417106826,1.258172240416317,1.4982316495708294,-0.17966213015729893,2.3375935894330437,4.907420801562092
1.9839389957888456,0.2838451779880063,-0.06984987694671807,-0.282780206480668,-0.0976279590456648,1.7728672418029487,0.6411472095809492,0.04360132447197608,0.23956961558910025
0.20693571791031778,-0.6999950505092654,-0.06984987694671807,0.06768675155122376,-0.5495613588663254,-0.4242174960540057,-0.590066800026423,0.04360132447197608,-0.3439117826575238
-0.5038655932410934,-0.6999950505092654,-0.7432990353709374,0.06768675155122376,-1.001494758686986,-0.698853088286125,-0.17966213015729893,-0.6118250369454719,-0.3439117826575238
-0.8592662488167989,-0.6999950505092654,-0.7432990353709374,-0.6332471645125597,-0.5495613588663254,-0.698853088286125,-0.17966213015729893,-0.6118250369454719,-0.3439117826575238
-1.2146669043925045,-0.6999950505092654,-0.7432990353709374,-0.6332471645125597,-0.5495613588663254,0.3996892806423522,0.6411472095809492,-0.6118250369454719,-0.3439117826575238
-1.2146669043925045,-0.6999950505092654,-0.7432990353709374,-0.6332471645125597,-0.5495613588663254,-0.698853088286125,-0.17966213015729893,-0.6118250369454719,-0.3439117826575238
0.20693571791031778,-0.6999950505092654,-0.7432990353709374,-0.282780206480668,-0.5495613588663254,-0.4242174960540057,-0.17966213015729893,-0.6118250369454719,-0.3439117826575238
1.2731376846374345,2.2515256349825497,2.28722217753805,1.8200215417106826,0.8062388405956563,1.7728672418029487,1.4619565493191973,1.682167228015596,-0.3439117826575238
1.2731376846374345,0.2838451779880063,0.2668747022653916,-0.6332471645125597,-0.5495613588663254,1.4982316495708294,-0.17966213015729893,0.04360132447197608,-0.3439117826575238
-0.1484649376653878,-0.6999950505092654,-0.7432990353709374,-0.6332471645125597,-0.5495613588663254,-0.698853088286125,-0.17966213015729893,1.026740866598148,-0.3439117826575238
-0.5038655932410934,-0.6999950505092654,-0.7432990353709374,-0.6332471645125597,-0.5495613588663254,,-0.17966213015729893,-0.6118250369454719,-0.3439117826575238
-1.2146669043925045,-0.3720483076768415,-0.40657445615882776,-0.6332471645125597,-0.5495613588663254,-0.698853088286125,-1.000471469895547,-0.6118250369454719,-0.3439117826575238
1.9839389957888456,0.2838451779880063,0.2668747022653916,2.520955457774466,-0.5495613588663254,1.7728672418029487,0.6411472095809492,0.04360132447197608,0.8230510138357243
0.5623363734860233,-0.04410156484441759,-0.06984987694671807,0.7686206676150072,-0.0976279590456648,1.7728672418029487,-0.17966213015729893,0.699027685889424,0.8230510138357243
0.5623363734860233,2.2515256349825497,2.28722217753805,-0.282780206480668,2.162039040057638,1.7728672418029487,1.4619565493191973,0.04360132447197608,0.8230510138357243
1.62853834021314,2.2515256349825497,2.28722217753805,-0.6332471645125597,3.065905839698959,1.2235960573387101,-0.17966213015729893,0.04360132447197608,-0.3439117826575238
0.20693571791031778,0.9397386636528541,0.940323860689611,-0.282780206480668,0.35430544077499576,1.7728672418029487,-0.17966213015729893,1.026740866598148,-0.3439117826575238
-0.5038655932410934,-0.6999950505092654,-0.7432990353709374,-0.6332471645125597,-0.5495613588663254,-0.698853088286125,-1.000471469895547,-0.6118250369454719,-0.3439117826575238
-0.5038655932410934,-0.6999950505092654,-0.7432990353709374,-0.6332471645125597,-0.5495613588663254,-0.698853088286125,-0.590066800026423,-0.6118250369454719,-0.3439117826575238
-0.5038655932410934,-0.6999950505092654,-0.7432990353709374,-0.6332471645125597,-0.5495613588663254,-0.698853088286125,-0.17966213015729893,-0.6118250369454719,-0.3439117826575238
0.20693571791031778,1.267685406485278,1.2770484399017208,-0.6332471645125597,0.8062388405956563,1.2235960573387101,-0.17966213015729893,0.3713145051807,-0.3439117826575238
1.9839389957888456,0.6117919208204302,1.6137730191138304,2.520955457774466,-0.0976279590456648,1.7728672418029487,0.6411472095809492,-0.6118250369454719,0.8230510138357243
0.20693571791031778,2.2515256349825497,2.28722217753805,1.119087625646899,3.065905839698959,1.7728672418029487,2.6931705589265698,1.026740866598148,1.9900138103289726
1.2731376846374345,1.595632149317702,1.95049759832594,0.4181537095831155,0.8062388405956563,1.7728672418029487,1.4619565493191973,1.682167228015596,-0.3439117826575238
1.9839389957888456,0.2838451779880063,0.2668747022653916,2.520955457774466,1.258172240416317,1.7728672418029487,0.6411472095809492,0.699027685889424,-0.3439117826575238
0.9177370290617288,1.9235788921501258,0.2668747022653916,2.520955457774466,3.065905839698959,-0.14958190382188638,0.6411472095809492,0.04360132447197608,0.8230510138357243
0.20693571791031778,-0.6999950505092654,0.2668747022653916,-0.6332471645125597,-0.5495613588663254,-0.698853088286125,-0.17966213015729893,-0.28411185623674784,-0.3439117826575238
1.9839389957888456,2.2515256349825497,0.940323860689611,0.06768675155122376,-0.0976279590456648,1.7728672418029487,0.23074253971182512,0.04360132447197608,0.23956961558910025
-0.5038655932410934,-0.04410156484441759,0.6035992814775013,-0.282780206480668,-0.0976279590456648,1.7728672418029487,1.4619565493191973,-0.6118250369454719,-0.3439117826575238
1.9839389957888456,1.595632149317702,1.6137730191138304,-0.282780206480668,-0.0976279590456648,0.12505368841023293,1.8723612191883217,1.3544540473068718,3.7404580050688447
-1.2146669043925045,-0.6999950505092654,-0.7432990353709374,-0.6332471645125597,-0.5495613588663254,-0.698853088286125,-0.17966213015729893,-0.6118250369454719,-0.3439117826575238
1.2731376846374345,0.2838451779880063,1.2770484399017208,-0.6332471645125597,-0.0976279590456648,1.7728672418029487,-0.17966213015729893,2.0098804087243196,0.23956961558910025
0.20693571791031778,-0.6999950505092654,-0.7432990353709374,-0.6332471645125597,-0.5495613588663254,-0.698853088286125,-0.17966213015729893,-0.6118250369454719,-0.3439117826575238
-0.5038655932410934,-0.04410156484441759,0.6035992814775013,-0.282780206480668,-0.0976279590456648,1.7728672418029487,1.4619565493191973,-0.6118250369454719,-0.3439117826575238
0.9177370290617288,-0.3720483076768415,0.2668747022653916,-0.6332471645125597,-0.0976279590456648,0.12505368841023293,-0.17966213015729893,0.04360132447197608,-0.3439117826575238
-0.5038655932410934,-0.6999950505092654,-0.7432990353709374,-0.6332471645125597,-0.5495613588663254,-0.698853088286125,-0.17966213015729893,-0.28411185623674784,-0.3439117826575238
-0.5038655932410934,-0.6999950505092654,-0.06984987694671807,-0.6332471645125597,-0.5495613588663254,,-0.590066800026423,-0.6118250369454719,-0.3439117826575238
-0.5038655932410934,-0.6999950505092654,-0.7432990353709374,-0.6332471645125597,-0.5495613588663254,-0.698853088286125,-0.590066800026423,-0.6118250369454719,-0.3439117826575238
-1.2146669043925045,-0.6999950505092654,-0.7432990353709374,-0.6332471645125597,-0.5495613588663254,-0.698853088286125,-0.590066800026423,-0.6118250369454719,-0.3439117826575238
-1.2146669043925045,-0.6999950505092654,-0.7432990353709374,-0.6332471645125597,-0.5495613588663254,-0.698853088286125,-0.17966213015729893,-0.6118250369454719,-0.3439117826575238
1.9839389957888456,0.6117919208204302,1.2770484399017208,0.06768675155122376,-0.0976279590456648,0.9489604651065908,-0.17966213015729893,0.04360132447197608,3.7404580050688447
-0.5038655932410934,-0.6999950505092654,-0.7432990353709374,-0.6332471645125597,-0.5495613588663254,-0.698853088286125,-0.17966213015729893,-0.6118250369454719,-0.3439117826575238
-0.8592662488167989,-0.6999950505092654,-0.7432990353709374,-0.282780206480668,-0.5495613588663254,-0.698853088286125,-0.17966213015729893,-0.6118250369454719,-0.3439117826575238
-1.2146669043925045,0.2838451779880063,-0.06984987694671807,2.520955457774466,0.35430544077499576,1.7728672418029487,0.6411472095809492,1.026740866598148,-0.3439117826575238
1.9839389957888456,0.2838451779880063,0.940323860689611,-0.6332471645125597,-0.5495613588663254,1.7728672418029487,0.6411472095809492,0.04360132447197608,-0.3439117826575238
0.9177370290617288,0.2838451779880063,0.6035992814775013,2.520955457774466,-0.5495613588663254,1.7728672418029487,-0.17966213015729893,1.682167228015596,0.23956961558910025
1.2731376846374345,2.2515256349825497,2.28722217753805,2.520955457774466,2.162039040057638,1.7728672418029487,2.6931705589265698,1.3544540473068718,0.8230510138357243
1.9839389957888456,2.2515256349825497,2.28722217753805,2.520955457774466,3.065905839698959,1.7728672418029487,0.23074253971182512,2.3375935894330437,4.907420801562092
-0.5038655932410934,-0.6999950505092654,-0.7432990353709374,-0.6332471645125597,-0.0976279590456648,-0.698853088286125,-0.590066800026423,-0.6118250369454719,-0.3439117826575238
0.5623363734860233,-0.6999950505092654,-0.06984987694671807,-0.6332471645125597,0.35430544077499576,0.3996892806423522,0.6411472095809492,2.3375935894330437,-0.3439117826575238
0.20693571791031778,0.9397386636528541,0.940323860689611,1.8200215417106826,1.258172240416317,1.7728672418029487,0.23074253971182512,2.3375935894330437,1.4065324120823484
-1.2146669043925045,-0.6999950505092654,-0.7432990353709374,-0.6332471645125597,-0.5495613588663254,-0.698853088286125,-1.000471469895547,-0.6118250369454719,-0.3439117826575238
-1.2146669043925045,-0.6999950505092654,-0.7432990353709374,-0.6332471645125597,-0.5495613588663254,-0.698853088286125,-0.17966213015729893,-0.6118250369454719,-0.3439117826575238
1.2731376846374345,1.595632149317702,1.6137730191138304,-0.6332471645125597,-0.5495613588663254,,1.0515518794500733,2.3375935894330437,-0.3439117826575238
1.9839389957888456,0.2838451779880063,0.2668747022653916,1.119087625646899,-0.5495613588663254,1.7728672418029487,-0.590066800026423,0.04360132447197608,-0.3439117826575238
-1.2146669043925045,-0.6999950505092654,-0.7432990353709374,-0.6332471645125597,-0.5495613588663254,,-0.590066800026423,-0.6118250369454719,-0.3439117826575238
0.20693571791031778,0.6117919208204302,1.2770484399017208,1.8200215417106826,1.258172240416317,1.7728672418029487,1.4619565493191973,0.3713145051807,-0.3439117826575238
0.20693571791031778,-0.04410156484441759,0.2668747022653916,0.06768675155122376,0.35430544077499576,0.3996892806423522,0.23074253971182512,1.3544540473068718,-0.3439117826575238
0.20693571791031778,0.2838451779880063,-0.06984987694671807,-0.6332471645125597,-0.5495613588663254,,-0.590066800026423,0.04360132447197608,-0.3439117826575238
1.2731376846374345,-0.3720483076768415,-0.7432990353709374,-0.6332471645125597,0.8062388405956563,-0.698853088286125,-1.000471469895547,-0.6118250369454719,-0.3439117826575238
1.62853834021314,-0.6999950505092654,-0.40657445615882776,1.119087625646899,0.35430544077499576,1.7728672418029487,1.4619565493191973,1.3544540473068718,0.23956961558910025
1.2731376846374345,0.2838451779880063,2.28722217753805,0.7686206676150072,0.35430544077499576,0.12505368841023293,1.4619565493191973,2.3375935894330437,-0.3439117826575238
-1.2146669043925045,-0.6999950505092654,-0.7432990353709374,-0.6332471645125597,-0.5495613588663254,-0.698853088286125,-0.17966213015729893,-0.6118250369454719,-0.3439117826575238
1.9839389957888456,2.2515256349825497,2.28722217753805,1.4695545836787909,2.6139724398782986,1.7728672418029487,1.4619565493191973,2.3375935894330437,4.907420801562092
-1.2146669043925045,-0.6999950505092654,-0.7432990353709374,-0.6332471645125597,-0.5495613588663254,-0.698853088286125,-0.17966213015729893,-0.6118250369454719,-0.3439117826575238
1.2731376846374345,-0.04410156484441759,0.2668747022653916,2.170488499742574,-0.0976279590456648,1.7728672418029487,-0.17966213015729893,0.04360132447197608,-0.3439117826575238
1.9839389957888456,1.595632149317702,0.2668747022653916,0.4181537095831155,0.35430544077499576,1.7728672418029487,-0.17966213015729893,2.3375935894330437,1.4065324120823484
-1.2146669043925045,-0.6999950505092654,-0.7432990353709374,-0.6332471645125597,-0.5495613588663254,-0.698853088286125,-0.17966213015729893,-0.6118250369454719,-0.3439117826575238
-1.2146669043925045,-0.6999950505092654,-0.7432990353709374,-0.6332471645125597,-0.5495613588663254,-0.698853088286125,-0.17966213015729893,-0.6118250369454719,-0.3439117826575238
0.9177370290617288,1.595632149317702,1.2770484399017208,1.119087625646899,0.35430544077499576,-0.14958190382188638,1.8723612191883217,1.682167228015596,1.4065324120823484
-0.5038655932410934,-0.6999950505092654,-0.7432990353709374,-0.6332471645125597,-0.5495613588663254,0.3996892806423522,0.6411472095809492,-0.6118250369454719,-0.3439117826575238
-0.8592662488167989,-0.6999950505092654,-0.7432990353709374,-0.6332471645125597,-0.0976279590456648,-0.698853088286125,-0.590066800026423,-0.6118250369454719,-0.3439117826575238
-1.2146669043925045,-0.6999950505092654,-0.7432990353709374,-0.6332471645125597,-0.5495613588663254,-0.698853088286125,-1.000471469895547,-0.6118250369454719,-0.3439117826575238
1.2731376846374345,0.9397386636528541,0.2668747022653916,2.520955457774466,3.065905839698959,-0.698853088286125,-0.17966213015729893,0.699027685889424,-0.3439117826575238
-1.2146669043925045,-0.6999950505092654,-0.7432990353709374,-0.6332471645125597,-0.5495613588663254,-0.698853088286125,-1.000471469895547,-0.6118250369454719,-0.3439117826575238
-1.2146669043925045,-0.6999950505092654,-0.7432990353709374,-0.6332471645125597,-1.001494758686986,-0.698853088286125,-0.590066800026423,-0.6118250369454719,-0.3439117826575238
-0.1484649376653878,0.9397386636528541,0.6035992814775013,1.119087625646899,1.7101056402369774,,0.23074253971182512,2.0098804087243196,-0.3439117826575238
0.20693571791031778,0.6117919208204302,0.6035992814775013,-0.282780206480668,0.8062388405956563,1.7728672418029487,0.23074253971182512,0.04360132447197608,-0.3439117826575238
0.5623363734860233,1.595632149317702,1.2770484399017208,1.8200215417106826,1.258172240416317,1.2235960573387101,1.8723612191883217,2.0098804087243196,-0.3439117826575238
-1.2146669043925045,-0.6999950505092654,-0.7432990353709374,-0.6332471645125597,0.8062388405956563,-0.698853088286125,-0.17966213015729893,-0.6118250369454719,-0.3439117826575238
-0.1484649376653878,0.2838451779880063,0.2668747022653916,0.4181537095831155,1.258172240416317,0.3996892806423522,1.4619565493191973,0.04360132447197608,-0.3439117826575238
0.9177370290617288,0.9397386636528541,-0.06984987694671807,-0.282780206480668,0.8062388405956563,1.7728672418029487,1.4619565493191973,0.3713145051807,2.5734952085755967
-0.5038655932410934,-0.6999950505092654,-0.7432990353709374,-0.6332471645125597,-0.5495613588663254,,-0.17966213015729893,-0.6118250369454719,-0.3439117826575238
-0.5038655932410934,-0.6999950505092654,-0.7432990353709374,-0.6332471645125597,-0.5495613588663254,-0.698853088286125,-0.17966213015729893,-0.6118250369454719,-0.3439117826575238
0.20693571791031778,0.2838451779880063,0.940323860689611,2.520955457774466,-0.5495613588663254,1.7728672418029487,0.23074253971182512,-0.6118250369454719,-0.3439117826575238
-1.2146669043925045,-0.6999950505092654,-0.7432990353709374,-0.6332471645125597,-0.5495613588663254,-0.698853088286125,-0.17966213015729893,-0.6118250369454719,-0.3439117826575238
-0.5038655932410934,-0.3720483076768415,-0.40657445615882776,-0.6332471645125597,-0.5495613588663254,-0.698853088286125,-0.590066800026423,0.04360132447197608,-0.3439117826575238
1.9839389957888456,-0.6999950505092654,-0.7432990353709374,-0.6332471645125597,-0.5495613588663254,1.7728672418029487,0.6411472095809492,0.3713145051807,-0.3439117826575238
-1.2146669043925045,-0.6999950505092654,-0.7432990353709374,-0.6332471645125597,-0.5495613588663254,-0.698853088286125,-0.590066800026423,-0.6118250369454719,-0.3439117826575238
1.2731376846374345,2.2515256349825497,-0.06984987694671807,-0.282780206480668,1.258172240416317,0.12505368841023293,-0.17966213015729893,2.3375935894330437,-0.3439117826575238
1.9839389957888456,0.2838451779880063,0.940323860689611,0.4181537095831155,0.8062388405956563,1.7728672418029487,1.4619565493191973,-0.6118250369454719,-0.3439117826575238
1.9839389957888456,0.2838451779880063,1.2770484399017208,-0.282780206480668,-0.5495613588663254,1.2235960573387101,1.0515518794500733,-0.6118250369454719,-0.3439117826575238
0.20693571791031778,-0.6999950505092654,-0.7432990353709374,-0.6332471645125597,-0.5495613588663254,-0.698853088286125,-0.17966213015729893,-0.6118250369454719,0.23956961558910025
0.20693571791031778,-0.3720483076768415,-0.40657445615882776,-0.282780206480668,-0.5495613588663254,-0.698853088286125,-0.590066800026423,-0.28411185623674784,-0.3439117826575238
0.20693571791031778,0.2838451779880063,0.940323860689611,1.119087625646899,0.35430544077499576,1.7728672418029487,0.23074253971182512,0.04360132447197608,-0.3439117826575238
1.2731376846374345,0.9397386636528541,1.2770484399017208,0.06768675155122376,-0.0976279590456648,1.7728672418029487,-0.17966213015729893,0.3713145051807,0.23956961558910025
-1.2146669043925045,-0.6999950505092654,-0.7432990353709374,-0.6332471645125597,-0.5495613588663254,-0.698853088286125,-1.000471469895547,-0.6118250369454719,-0.3439117826575238
0.5623363734860233,0.6117919208204302,0.6035992814775013,1.8200215417106826,0.35430544077499576,1.7728672418029487,-0.17966213015729893,0.3713145051807,-0.3439117826575238
-1.2146669043925045,-0.6999950505092654,-0.7432990353709374,-0.6332471645125597,-0.5495613588663254,-0.698853088286125,-0.17966213015729893,-0.6118250369454719,-0.3439117826575238
-1.2146669043925045,-0.6999950505092654,-0.7432990353709374,-0.6332471645125597,-1.001494758686986,-0.698853088286125,-0.590066800026423,-0.6118250369454719,-0.3439117826575238
1.2731376846374345,0.6117919208204302,0.6035992814775013,0.7686206676150072,-0.5495613588663254,1.7728672418029487,0.23074253971182512,0.04360132447197608,-0.3439117826575238
1.9839389957888456,-0.04410156484441759,-0.06984987694671807,-0.6332471645125597,-0.5495613588663254,1.7728672418029487,1.4619565493191973,1.026740866598148,-0.3439117826575238
-1.2146669043925045,-0.6999950505092654,-0.7432990353709374,-0.6332471645125597,-0.5495613588663254,-0.698853088286125,-0.17966213015729893,-0.6118250369454719,-0.3439117826575238
-0.8592662488167989,-0.6999950505092654,-0.7432990353709374,-0.6332471645125597,-0.5495613588663254,-0.698853088286125,-1.000471469895547,-0.6118250369454719,-0.3439117826575238
-1.2146669043925045,-0.6999950505092654,-0.7432990353709374,-0.6332471645125597,-0.5495613588663254,-0.698853088286125,-1.000471469895547,-0.6118250369454719,-0.3439117826575238
0.9177370290617288,0.9397386636528541,0.2668747022653916,1.8200215417106826,3.065905839698959,1.7728672418029487,2.282765889057446,0.699027685889424,0.8230510138357243
-1.2146669043925045,-0.6999950505092654,-0.7432990353709374,-0.6332471645125597,-0.5495613588663254,-0.698853088286125,-1.000471469895547,-0.6118250369454719,-0.3439117826575238
0.20693571791031778,-0.3720483076768415,-0.40657445615882776,-0.282780206480668,-0.0976279590456648,-0.698853088286125,-1.000471469895547,0.04360132447197608,-0.3439117826575238
-1.2146669043925045,-0.6999950505092654,-0.7432990353709374,-0.6332471645125597,-1.001494758686986,-0.698853088286125,-1.000471469895547,0.04360132447197608,-0.3439117826575238
-0.5038655932410934,0.2838451779880063,0.2668747022653916,2.520955457774466,0.8062388405956563,-0.698853088286125,-0.17966213015729893,0.04360132447197608,-0.3439117826575238
-0.1484649376653878,-0.3720483076768415,-0.06984987694671807,0.7686206676150072,-0.0976279590456648,1.2235960573387101,1.4619565493191973,1.026740866598148,-0.3439117826575238
0.20693571791031778,-0.6999950505092654,-0.7432990353709374,0.06768675155122376,-0.5495613588663254,-0.698853088286125,-1.000471469895547,-0.6118250369454719,-0.3439117826575238
-0.8592662488167989,-0.6999950505092654,-0.7432990353709374,-0.6332471645125597,-0.5495613588663254,-0.698853088286125,-0.17966213015729893,-0.6118250369454719,-0.3439117826575238
-0.5038655932410934,0.2838451779880063,0.6035992814775013,0.06768675155122376,1.7101056402369774,-0.14958190382188638,0.23074253971182512,1.026740866598148,-0.3439117826575238
-0.8592662488167989,1.267685406485278,2.28722217753805,2.520955457774466,1.7101056402369774,1.7728672418029487,0.23074253971182512,2.0098804087243196,1.4065324120823484
-1.2146669043925045,-0.6999950505092654,-0.7432990353709374,-0.6332471645125597,-0.5495613588663254,-0.698853088286125,-0.590066800026423,-0.6118250369454719,-0.3439117826575238
-0.1484649376653878,-0.6999950505092654,-0.7432990353709374,-0.6332471645125597,-0.0976279590456648,-0.698853088286125,-0.590066800026423,-0.28411185623674784,-0.3439117826575238
0.20693571791031778,-0.04410156484441759,-0.06984987694671807,-0.6332471645125597,-0.0976279590456648,-0.14958190382188638,-0.17966213015729893,0.04360132447197608,0.8230510138357243
1.2731376846374345,2.2515256349825497,2.28722217753805,1.4695545836787909,3.065905839698959,1.7728672418029487,1.4619565493191973,0.04360132447197608,3.7404580050688447
1.2731376846374345,2.2515256349825497,0.6035992814775013,0.06768675155122376,2.162039040057638,0.12505368841023293,0.23074253971182512,2.3375935894330437,0.8230510138357243
1.9839389957888456,-0.04410156484441759,0.6035992814775013,0.4181537095831155,-0.0976279590456648,0.9489604651065908,-0.17966213015729893,0.699027685889424,0.8230510138357243
0.5623363734860233,2.2515256349825497,2.28722217753805,2.520955457774466,3.065905839698959,1.7728672418029487,1.8723612191883217,2.3375935894330437,4.907420801562092
-0.5038655932410934,2.2515256349825497,-0.06984987694671807,2.520955457774466,1.258172240416317,1.7728672418029487,0.6411472095809492,-0.6118250369454719,1.4065324120823484
-0.5038655932410934,-0.3720483076768415,-0.40657445615882776,-0.6332471645125597,0.35430544077499576,-0.14958190382188638,-0.590066800026423,-0.6118250369454719,-0.3439117826575238
-0.1484649376653878,0.2838451779880063,0.2668747022653916,-0.282780206480668,-0.5495613588663254,-0.14958190382188638,-0.590066800026423,-0.6118250369454719,-0.3439117826575238
-0.8592662488167989,-0.6999950505092654,-0.7432990353709374,-0.6332471645125597,-0.5495613588663254,-0.698853088286125,-0.17966213015729893,-0.6118250369454719,-0.3439117826575238
-0.8592662488167989,-0.6999950505092654,-0.7432990353709374,-0.6332471645125597,-0.5495613588663254,-0.698853088286125,-0.590066800026423,-0.6118250369454719,-0.3439117826575238
0.5623363734860233,2.2515256349825497,2.28722217753805,2.520955457774466,2.162039040057638,1.7728672418029487,1.4619565493191973,2.3375935894330437,3.1569766068222207
0.20693571791031778,1.595632149317702,1.6137730191138304,2.520955457774466,0.8062388405956563,1.7728672418029487,1.8723612191883217,2.3375935894330437,0.8230510138357243
-1.2146669043925045,-0.6999950505092654,-0.06984987694671807,-0.6332471645125597,-0.5495613588663254,-0.698853088286125,-1.000471469895547,-0.6118250369454719,-0.3439117826575238
-1.2146669043925045,-0.6999950505092654,-0.06984987694671807,-0.6332471645125597,-1.001494758686986,-0.698853088286125,-0.590066800026423,-0.6118250369454719,-0.3439117826575238
-0.1484649376653878,-0.04410156484441759,-0.40657445615882776,-0.6332471645125597,-0.0976279590456648,-0.698853088286125,-0.590066800026423,-0.6118250369454719,-0.3439117826575238
-1.2146669043925045,-0.6999950505092654,-0.06984987694671807,-0.6332471645125597,-0.5495613588663254,-0.698853088286125,-1.000471469895547,-0.6118250369454719,-0.3439117826575238
-0.1484649376653878,-0.6999950505092654,-0.40657445615882776,-0.6332471645125597,-0.5495613588663254,-0.698853088286125,-0.590066800026423,-0.6118250369454719,-0.3439117826575238
0.20693571791031778,-0.6999950505092654,-0.7432990353709374,-0.282780206480668,-0.5495613588663254,-0.698853088286125,-0.590066800026423,-0.6118250369454719,-0.3439117826575238
-0.5038655932410934,-0.6999950505092654,-0.40657445615882776,-0.6332471645125597,-0.5495613588663254,-0.698853088286125,-0.590066800026423,-0.6118250369454719,-0.3439117826575238
-1.2146669043925045,-0.6999950505092654,-0.7432990353709374,-0.6332471645125597,-0.5495613588663254,-0.698853088286125,-1.000471469895547,-0.6118250369454719,-0.3439117826575238
-1.2146669043925045,-0.6999950505092654,-0.7432990353709374,-0.6332471645125597,-0.5495613588663254,-0.698853088286125,-0.590066800026423,-0.6118250369454719,-0.3439117826575238
-1.2146669043925045,-0.6999950505092654,-0.7432990353709374,-0.6332471645125597,-1.001494758686986,-0.698853088286125,-0.590066800026423,-0.6118250369454719,-0.3439117826575238
-0.5038655932410934,-0.6999950505092654,-0.7432990353709374,0.4181537095831155,-0.0976279590456648,-0.698853088286125,-0.590066800026423,-0.28411185623674784,-0.3439117826575238
0.20693571791031778,-0.04410156484441759,0.2668747022653916,-0.6332471645125597,0.35430544077499576,-0.698853088286125,-0.17966213015729893,-0.6118250369454719,-0.3439117826575238
-1.2146669043925045,-0.6999950505092654,-0.7432990353709374,-0.6332471645125597,-0.5495613588663254,-0.698853088286125,-1.000471469895547,-0.6118250369454719,-0.3439117826575238
1.9839389957888456,0.9397386636528541,-0.06984987694671807,1.119087625646899,0.35430544077499576,1.7728672418029487,1.4619565493191973,1.682167228015596,1.4065324120823484
-0.5038655932410934,-0.3720483076768415,-0.40657445615882776,-0.282780206480668,-0.5495613588663254,-0.698853088286125,-0.17966213015729893,-0.28411185623674784,-0.3439117826575238
-0.8592662488167989,-0.6999950505092654,-0.7432990353709374,-0.6332471645125597,-0.5495613588663254,-0.698853088286125,-1.000471469895547,-0.6118250369454719,-0.3439117826575238
-0.8592662488167989,-0.6999950505092654,-0.7432990353709374,-0.6332471645125597,-0.5495613588663254,-0.698853088286125,-1.000471469895547,-0.6118250369454719,-0.3439117826575238
-0.5038655932410934,-0.04410156484441759,-0.40657445615882776,-0.282780206480668,-0.0976279590456648,-0.698853088286125,-1.000471469895547,-0.28411185623674784,0.8230510138357243
0.9177370290617288,0.9397386636528541,0.940323860689611,0.06768675155122376,-0.5495613588663254,1.7728672418029487,1.4619565493191973,-0.6118250369454719,-0.3439117826575238
0.20693571791031778,-0.04410156484441759,-0.06984987694671807,-0.282780206480668,-0.0976279590456648,-0.698853088286125,-0.17966213015729893,-0.6118250369454719,-0.3439117826575238
-0.8592662488167989,-0.6999950505092654,-0.7432990353709374,-0.6332471645125597,-0.5495613588663254,-0.698853088286125,-0.590066800026423,-0.28411185623674784,-0.3439117826575238
0.20693571791031778,-0.6999950505092654,-0.7432990353709374,-0.6332471645125597,-0.0976279590456648,-0.4242174960540057,-0.590066800026423,-0.28411185623674784,-0.3439117826575238
-1.2146669043925045,-0.6999950505092654,-0.7432990353709374,-0.282780206480668,-0.5495613588663254,-0.698853088286125,-0.590066800026423,-0.6118250369454719,-0.3439117826575238
1.9839389957888456,1.595632149317702,1.2770484399017208,0.4181537095831155,-0.0976279590456648,1.7728672418029487,1.4619565493191973,2.0098804087243196,-0.3439117826575238
-0.5038655932410934,-0.6999950505092654,-0.7432990353709374,-0.6332471645125597,-0.5495613588663254,-0.698853088286125,-0.590066800026423,-0.6118250369454719,-0.3439117826575238
-1.2146669043925045,-0.6999950505092654,-0.7432990353709374,-0.6332471645125597,-1.001494758686986,-0.698853088286125,-1.000471469895547,-0.6118250369454719,-0.3439117826575238
-1.2146669043925045,-0.3720483076768415,-0.06984987694671807,-0.6332471645125597,-0.5495613588663254,-0.698853088286125,-0.590066800026423,-0.6118250369454719,-0.3439117826575238
-0.5038655932410934,-0.6999950505092654,-0.7432990353709374,-0.6332471645125597,-0.5495613588663254,-0.698853088286125,-0.590066800026423,-0.6118250369454719,-0.3439117826575238
-0.5038655932410934,-0.6999950505092654,-0.7432990353709374,-0.6332471645125597,-0.5495613588663254,-0.698853088286125,-0.17966213015729893,-0.6118250369454719,-0.3439117826575238
-0.1484649376653878,-0.6999950505092654,-0.7432990353709374,-0.6332471645125597,-0.5495613588663254,-0.698853088286125,-1.000471469895547,-0.6118250369454719,-0.3439117826575238
-0.5038655932410934,-0.3720483076768415,-0.7432990353709374,-0.6332471645125597,-0.5495613588663254,-0.698853088286125,-0.590066800026423,-0.28411185623674784,-0.3439117826575238
-1.2146669043925045,-0.3720483076768415,-0.06984987694671807,-0.6332471645125597,-0.5495613588663254,-0.698853088286125,-1.000471469895547,-0.6118250369454719,-0.3439117826575238
-0.5038655932410934,2.2515256349825497,1.6137730191138304,1.4695545836787909,1.258172240416317,1.4982316495708294,2.282765889057446,0.04360132447197608,3.7404580050688447
-0.5038655932410934,-0.6999950505092654,-0.7432990353709374,-0.6332471645125597,-0.5495613588663254,-0.698853088286125,-1.000471469895547,-0.6118250369454719,-0.3439117826575238
0.20693571791031778,-0.04410156484441759,-0.06984987694671807,-0.6332471645125597,-0.5495613588663254,-0.698853088286125,-0.590066800026423,-0.6118250369454719,-0.3439117826575238
-0.5038655932410934,-0.6999950505092654,-0.7432990353709374,-0.6332471645125597,-0.5495613588663254,0.12505368841023293,-1.000471469895547,-0.6118250369454719,-0.3439117826575238
-1.2146669043925045,-0.3720483076768415,-0.7432990353709374,0.06768675155122376,-0.5495613588663254,-0.698853088286125,-1.000471469895547,-0.28411185623674784,-0.3439117826575238
-1.2146669043925045,-0.6999950505092654,-0.7432990353709374,-0.6332471645125597,-0.5495613588663254,-0.698853088286125,-0.590066800026423,-0.6118250369454719,-0.3439117826575238
-0.1484649376653878,-0.3720483076768415,-0.40657445615882776,-0.6332471645125597,-0.5495613588663254,-0.698853088286125,-0.590066800026423,-0.6118250369454719,-0.3439117826575238
-1.2146669043925045,-0.6999950505092654,-0.7432990353709374,-0.6332471645125597,-0.5495613588663254,-0.698853088286125,-0.590066800026423,-0.6118250369454719,-0.3439117826575238
-0.8592662488167989,-0.04410156484441759,-0.40657445615882776,-0.282780206480668,-0.5495613588663254,-0.4242174960540057,-0.17966213015729893,-0.6118250369454719,-0.3439117826575238
-0.5038655932410934,-0.6999950505092654,-0.40657445615882776,-0.6332471645125597,-0.5495613588663254,-0.698853088286125,-0.590066800026423,-0.6118250369454719,-0.3439117826575238
-1.2146669043925045,-0.6999950505092654,-0.7432990353709374,-0.6332471645125597,-0.5495613588663254,-0.698853088286125,-0.590066800026423,-0.6118250369454719,-0.3439117826575238
-1.2146669043925045,-0.6999950505092654,-0.7432990353709374,-0.6332471645125597,-1.001494758686986,,-0.590066800026423,-0.6118250369454719,-0.3439117826575238
1.9839389957888456,2.2515256349825497,2.28722217753805,1.119087625646899,2.162039040057638,0.12505368841023293,1.8723612191883217,0.699027685889424,-0.3439117826575238
0.20693571791031778,-0.6999950505092654,-0.40657445615882776,-0.6332471645125597,-0.5495613588663254,-0.698853088286125,-0.17966213015729893,-0.6118250369454719,-0.3439117826575238
1.2731376846374345,0.6117919208204302,0.940323860689611,-0.282780206480668,-0.0976279590456648,1.7728672418029487,1.0515518794500733,1.026740866598148,-0.3439117826575238
-0.5038655932410934,-0.04410156484441759,-0.40657445615882776,1.119087625646899,-0.0976279590456648,-0.14958190382188638,-0.17966213015729893,0.699027685889424,-0.3439117826575238
1.2731376846374345,1.267685406485278,1.6137730191138304,0.7686206676150072,3.065905839698959,1.7728672418029487,1.4619565493191973,-0.28411185623674784,-0.3439117826575238
-1.2146669043925045,-0.6999950505092654,-0.7432990353709374,-0.6332471645125597,-0.5495613588663254,-0.698853088286125,-0.590066800026423,-0.6118250369454719,-0.3439117826575238
0.20693571791031778,-0.3720483076768415,-0.40657445615882776,-0.282780206480668,-0.5495613588663254,-0.4242174960540057,-0.17966213015729893,-0.28411185623674784,0.23956961558910025
-0.8592662488167989,-0.04410156484441759,-0.7432990353709374,-0.6332471645125597,0.8062388405956563,-0.698853088286125,-1.000471469895547,-0.6118250369454719,-0.3439117826575238
-0.5038655932410934,-0.3720483076768415,-0.40657445615882776,0.06768675155122376,-0.5495613588663254,-0.14958190382188638,-0.17966213015729893,-0.6118250369454719,-0.3439117826575238
1.9839389957888456,2.2515256349825497,2.28722217753805,1.4695545836787909,3.065905839698959,1.7728672418029487,1.8723612191883217,-0.28411185623674784,-0.3439117826575238
-0.1484649376653878,-0.04410156484441759,-0.06984987694671807,-0.6332471645125597,-0.5495613588663254,-0.698853088286125,-0.17966213015729893,0.04360132447197608,-0.3439117826575238
0.20693571791031778,-0.6999950505092654,-0.06984987694671807,-0.6332471645125597,-0.5495613588663254,-0.698853088286125,-0.590066800026423,-0.6118250369454719,-0.3439117826575238
-0.5038655932410934,-0.6999950505092654,-0.7432990353709374,-0.6332471645125597,-0.5495613588663254,-0.698853088286125,-1.000471469895547,-0.6118250369454719,-0.3439117826575238
1.62853834021314,2.2515256349825497,2.28722217753805,2.520955457774466,3.065905839698959,1.7728672418029487,2.6931705589265698,2.3375935894330437,-0.3439117826575238
0.20693571791031778,-0.04410156484441759,0.940323860689611,-0.6332471645125597,-0.5495613588663254,-0.698853088286125,-1.000471469895547,-0.6118250369454719,-0.3439117826575238
1.2731376846374345,1.267685406485278,1.6137730191138304,-0.282780206480668,0.35430544077499576,-0.4242174960540057,0.6411472095809492,2.3375935894330437,-0.3439117826575238
-1.2146669043925045,-0.6999950505092654,-0.7432990353709374,-0.6332471645125597,-0.5495613588663254,-0.698853088286125,-0.590066800026423,-0.6118250369454719,-0.3439117826575238
-0.8592662488167989,-0.6999950505092654,-0.7432990353709374,-0.6332471645125597,-0.5495613588663254,-0.698853088286125,-0.590066800026423,-0.6118250369454719,-0.3439117826575238
-1.2146669043925045,-0.04410156484441759,-0.7432990353709374,-0.6332471645125597,-0.5495613588663254,-0.698853088286125,-0.590066800026423,-0.28411185623674784,-0.3439117826575238
0.20693571791031778,-0.6999950505092654,-0.7432990353709374,0.06768675155122376,0.35430544077499576,-0.698853088286125,-0.17966213015729893,-0.28411185623674784,-0.3439117826575238
0.20693571791031778,-0.6999950505092654,-0.7432990353709374,-0.6332471645125597,-0.5495613588663254,-0.698853088286125,-0.590066800026423,-0.28411185623674784,-0.3439117826575238
-0.5038655932410934,-0.3720483076768415,-0.40657445615882776,0.06768675155122376,-0.5495613588663254,-0.698853088286125,-1.000471469895547,-0.6118250369454719,-0.3439117826575238
0.5623363734860233,1.9235788921501258,1.2770484399017208,0.7686206676150072,0.8062388405956563,1.2235960573387101,0.23074253971182512,-0.28411185623674784,-0.3439117826575238
1.9839389957888456,1.595632149317702,2.28722217753805,-0.6332471645125597,-0.0976279590456648,1.7728672418029487,0.6411472095809492,-0.6118250369454719,-0.3439117826575238
1.9839389957888456,2.2515256349825497,2.28722217753805,-0.6332471645125597,1.258172240416317,-0.698853088286125,-0.590066800026423,1.682167228015596,-0.3439117826575238
-0.1484649376653878,-0.6999950505092654,-0.7432990353709374,-0.6332471645125597,-0.5495613588663254,-0.698853088286125,-1.000471469895547,-0.6118250369454719,-0.3439117826575238
-0.1484649376653878,-0.6999950505092654,-0.06984987694671807,0.06768675155122376,-0.5495613588663254,-0.698853088286125,-1.000471469895547,-0.6118250369454719,-0.3439117826575238
0.20693571791031778,-0.6999950505092654,-0.7432990353709374,-0.6332471645125597,-0.5495613588663254,-0.698853088286125,-1.000471469895547,-0.6118250369454719,-0.3439117826575238
1.9839389957888456,0.2838451779880063,-0.06984987694671807,2.520955457774466,0.35430544077499576,1.7728672418029487,2.6931705589265698,-0.6118250369454719,-0.3439117826575238
0.20693571791031778,-0.3720483076768415,-0.40657445615882776,0.4181537095831155,-0.5495613588663254,0.12505368841023293,-1.000471469895547,-0.6118250369454719,-0.3439117826575238
-1.2146669043925045,-0.6999950505092654,-0.7432990353709374,0.06768675155122376,-0.5495613588663254,-0.14958190382188638,-1.000471469895547,-0.6118250369454719,-0.3439117826575238
-1.2146669043925045,-0.6999950505092654,-0.7432990353709374,-0.6332471645125597,-0.5495613588663254,-0.4242174960540057,-1.000471469895547,-0.6118250369454719,-0.3439117826575238
0.20693571791031778,-0.6999950505092654,-0.7432990353709374,1.119087625646899,-0.0976279590456648,-0.698853088286125,-0.590066800026423,-0.6118250369454719,-0.3439117826575238
-0.8592662488167989,-0.6999950505092654,-0.7432990353709374,-0.6332471645125597,-0.5495613588663254,-0.698853088286125,-1.000471469895547,-0.6118250369454719,-0.3439117826575238
-1.2146669043925045,-0.6999950505092654,-0.7432990353709374,-0.6332471645125597,-0.5495613588663254,-0.698853088286125,-1.000471469895547,-0.6118250369454719,-0.3439117826575238
0.20693571791031778,-0.6999950505092654,-0.7432990353709374,-0.6332471645125597,-0.5495613588663254,-0.698853088286125,-1.000471469895547,-0.6118250369454719,-0.3439117826575238
-1.2146669043925045,-0.6999950505092654,-0.7432990353709374,-0.6332471645125597,-1.001494758686986,-0.698853088286125,-1.000471469895547,-0.6118250369454719,-0.3439117826575238
0.20693571791031778,1.267685406485278,1.95049759832594,1.8200215417106826,1.258172240416317,1.7728672418029487,1.8723612191883217,2.3375935894330437,-0.3439117826575238
-0.1484649376653878,-0.6999950505092654,-0.7432990353709374,0.06768675155122376,-1.001494758686986,-0.698853088286125,-0.590066800026423,-0.6118250369454719,-0.3439117826575238
0.20693571791031778,-0.6999950505092654,-0.7432990353709374,-0.6332471645125597,-0.5495613588663254,-0.698853088286125,-1.000471469895547,-0.6118250369454719,-0.3439117826575238
-0.5038655932410934,-0.6999950505092654,-0.7432990353709374,0.06768675155122376,-0.5495613588663254,-0.698853088286125,-1.000471469895547,-0.6118250369454719,-0.3439117826575238
-0.1484649376653878,0.6117919208204302,0.6035992814775013,1.8200215417106826,1.258172240416317,1.7728672418029487,2.6931705589265698,1.3544540473068718,-0.3439117826575238
-0.8592662488167989,-0.04410156484441759,-0.7432990353709374,-0.6332471645125597,-0.0976279590456648,-0.698853088286125,-1.000471469895547,-0.6118250369454719,-0.3439117826575238
1.9839389957888456,-0.3720483076768415,-0.40657445615882776,-0.6332471645125597,-0.5495613588663254,0.6743248728744715,-1.000471469895547,-0.6118250369454719,0.23956961558910025
1.9839389957888456,0.9397386636528541,0.6035992814775013,1.8200215417106826,0.8062388405956563,1.7728672418029487,1.8723612191883217,1.026740866598148,-0.3439117826575238
1.2731376846374345,1.595632149317702,1.95049759832594,1.119087625646899,1.258172240416317,-0.14958190382188638,2.6931705589265698,2.3375935894330437,-0.3439117826575238
0.20693571791031778,-0.6999950505092654,-0.40657445615882776,-0.6332471645125597,-0.5495613588663254,-0.698853088286125,-1.000471469895547,-0.6118250369454719,-0.3439117826575238
0.20693571791031778,-0.6999950505092654,-0.06984987694671807,-0.6332471645125597,-0.5495613588663254,-0.698853088286125,-1.000471469895547,-0.6118250369454719,-0.3439117826575238
0.20693571791031778,-0.6999950505092654,-0.7432990353709374,0.06768675155122376,-0.5495613588663254,-0.698853088286125,-1.000471469895547,-0.6118250369454719,-0.3439117826575238
-0.5038655932410934,-0.6999950505092654,-0.7432990353709374,-0.6332471645125597,-0.5495613588663254,0.3996892806423522,-1.000471469895547,-0.6118250369454719,-0.3439117826575238
0.5623363734860233,-0.6999950505092654,-0.7432990353709374,0.06768675155122376,-0.5495613588663254,-0.698853088286125,-1.000471469895547,-0.6118250369454719,-0.3439117826575238
-0.1484649376653878,-0.6999950505092654,-0.7432990353709374,-0.6332471645125597,-0.5495613588663254,-0.698853088286125,-1.000471469895547,-0.28411185623674784,-0.3439117826575238
-0.1484649376653878,-0.6999950505092654,-0.7432990353709374,-0.6332471645125597,-0.5495613588663254,-0.698853088286125,-1.000471469895547,-0.6118250369454719,-0.3439117826575238
1.9839389957888456,1.9235788921501258,1.6137730191138304,1.4695545836787909,1.258172240416317,0.12505368841023293,1.4619565493191973,2.3375935894330437,0.8230510138357243
1.9839389957888456,0.9397386636528541,0.940323860689611,-0.282780206480668,0.35430544077499576,1.7728672418029487,2.282765889057446,1.3544540473068718,-0.3439117826575238
0.5623363734860233,0.9397386636528541,0.940323860689611,0.7686206676150072,0.35430544077499576,1.7728672418029487,1.4619565493191973,1.026740866598148,0.23956961558910025
-0.1484649376653878,-0.6999950505092654,-0.7432990353709374,-0.6332471645125597,-0.5495613588663254,-0.698853088286125,-1.000471469895547,-0.6118250369454719,-0.3439117826575238
-1.2146669043925045,-0.6999950505092654,-0.40657445615882776,-0.6332471645125597,-0.5495613588663254,-0.698853088286125,-0.590066800026423,-0.6118250369454719,-0.3439117826575238
-0.5038655932410934,-0.6999950505092654,-0.7432990353709374,-0.6332471645125597,-1.001494758686986,-0.698853088286125,-0.590066800026423,-0.6118250369454719,-0.3439117826575238
0.5623363734860233,-0.6999950505092654,-0.7432990353709374,0.06768675155122376,-0.5495613588663254,-0.698853088286125,-1.000471469895547,-0.6118250369454719,-0.3439117826575238
0.5623363734860233,-0.6999950505092654,-0.7432990353709374,-0.6332471645125597,-1.001494758686986,-0.698853088286125,-1.000471469895547,-0.6118250369454719,-0.3439117826575238
-0.1484649376653878,-0.6999950505092654,-0.7432990353709374,-0.6332471645125597,-0.5495613588663254,-0.698853088286125,-1.000471469895547,-0.6118250369454719,-0.3439117826575238
0.20693571791031778,-0.6999950505092654,-0.7432990353709374,-0.6332471645125597,-0.5495613588663254,-0.698853088286125,-1.000471469895547,-0.6118250369454719,-0.3439117826575238
-0.5038655932410934,-0.6999950505092654,-0.7432990353709374,-0.6332471645125597,-0.5495613588663254,-0.698853088286125,-1.000471469895547,-0.6118250369454719,-0.3439117826575238
-0.1484649376653878,-0.6999950505092654,-0.40657445615882776,-0.6332471645125597,-0.5495613588663254,-0.698853088286125,-1.000471469895547,-0.6118250369454719,-0.3439117826575238
-0.1484649376653878,-0.6999950505092654,-0.7432990353709374,-0.6332471645125597,-0.5495613588663254,-0.698853088286125,-1.000471469895547,-0.6118250369454719,-0.3439117826575238
0.20693571791031778,-0.3720483076768415,-0.7432990353709374,-0.6332471645125597,-0.5495613588663254,-0.698853088286125,-1.000471469895547,-0.6118250369454719,-0.3439117826575238
-0.1484649376653878,1.595632149317702,1.2770484399017208,2.520955457774466,0.35430544077499576,1.7728672418029487,1.4619565493191973,0.699027685889424,-0.3439117826575238
0.20693571791031778,-0.6999950505092654,-0.7432990353709374,-0.6332471645125597,-1.001494758686986,-0.698853088286125,-1.000471469895547,-0.6118250369454719,-0.3439117826575238
0.20693571791031778,-0.04410156484441759,-0.40657445615882776,0.4181537095831155,-0.5495613588663254,-0.698853088286125,-1.000471469895547,-0.6118250369454719,-0.3439117826575238
1.62853834021314,2.2515256349825497,2.28722217753805,2.520955457774466,3.065905839698959,0.3996892806423522,2.6931705589265698,2.3375935894330437,4.907420801562092
1.2731376846374345,1.267685406485278,1.6137730191138304,0.7686206676150072,0.8062388405956563,1.7728672418029487,2.282765889057446,2.3375935894330437,-0.3439117826575238
0.20693571791031778,-0.6999950505092654,-0.40657445615882776,-0.6332471645125597,-0.5495613588663254,-0.698853088286125,-1.000471469895547,-0.6118250369454719,-0.3439117826575238
-1.2146669043925045,-0.6999950505092654,-0.7432990353709374,0.06768675155122376,-1.001494758686986,-0.14958190382188638,-1.000471469895547,-0.6118250369454719,-0.3439117826575238
-0.5038655932410934,-0.6999950505092654,-0.7432990353709374,-0.6332471645125597,-1.001494758686986,-0.698853088286125,-0.590066800026423,-0.6118250369454719,-0.3439117826575238
1.9839389957888456,2.2515256349825497,2.28722217753805,2.520955457774466,1.258172240416317,1.7728672418029487,1.8723612191883217,-0.6118250369454719,1.9900138103289726
-0.5038655932410934,0.9397386636528541,0.2668747022653916,2.520955457774466,-0.0976279590456648,-0.14958190382188638,-0.17966213015729893,0.3713145051807,-0.3439117826575238
0.5623363734860233,-0.04410156484441759,-0.40657445615882776,-0.6332471645125597,-0.0976279590456648,0.12505368841023293,0.23074253971182512,-0.6118250369454719,-0.3439117826575238
-1.2146669043925045,-0.6999950505092654,-0.7432990353709374,-0.6332471645125597,-0.5495613588663254,-0.698853088286125,-1.000471469895547,-0.6118250369454719,-0.3439117826575238
0.20693571791031778,1.595632149317702,1.95049759832594,0.4181537095831155,-0.0976279590456648,1.7728672418029487,1.4619565493191973,-0.6118250369454719,-0.3439117826575238
-0.1484649376653878,-0.6999950505092654,-0.7432990353709374,-0.6332471645125597,-1.001494758686986,-0.698853088286125,-0.590066800026423,-0.6118250369454719,-0.3439117826575238
0.20693571791031778,2.2515256349825497,2.28722217753805,2.520955457774466,1.258172240416317,1.7728672418029487,1.0515518794500733,0.699027685889424,0.23956961558910025
0.20693571791031778,-0.6999950505092654,-0.40657445615882776,2.520955457774466,0.35430544077499576,0.3996892806423522,-0.590066800026423,-0.6118250369454719,-0.3439117826575238
-0.5038655932410934,-0.6999950505092654,-0.7432990353709374,-0.6332471645125597,-1.001494758686986,-0.698853088286125,-0.590066800026423,-0.6118250369454719,-0.3439117826575238
-1.2146669043925045,-0.6999950505092654,-0.7432990353709374,-0.6332471645125597,-1.001494758686986,-0.698853088286125,-1.000471469895547,-0.6118250369454719,-0.3439117826575238
-0.1484649376653878,-0.3720483076768415,-0.7432990353709374,-0.6332471645125597,-0.5495613588663254,-0.698853088286125,-1.000471469895547,-0.6118250369454719,-0.3439117826575238
-0.1484649376653878,-0.6999950505092654,-0.7432990353709374,-0.6332471645125597,-0.5495613588663254,-0.698853088286125,-0.590066800026423,-0.6118250369454719,-0.3439117826575238
-0.1484649376653878,-0.6999950505092654,-0.7432990353709374,-0.6332471645125597,-0.5495613588663254,-0.698853088286125,-0.590066800026423,-0.6118250369454719,-0.3439117826575238
0.5623363734860233,-0.6999950505092654,-0.7432990353709374,-0.6332471645125597,-0.5495613588663254,-0.698853088286125,-0.17966213015729893,-0.6118250369454719,-0.3439117826575238
-0.1484649376653878,-0.6999950505092654,-0.7432990353709374,-0.6332471645125597,-0.5495613588663254,-0.698853088286125,-0.590066800026423,-0.6118250369454719,-0.3439117826575238
-0.1484649376653878,-0.6999950505092654,-0.7432990353709374,-0.282780206480668,-0.5495613588663254,-0.698853088286125,-0.590066800026423,-0.6118250369454719,-0.3439117826575238
-0.1484649376653878,-0.6999950505092654,-0.7432990353709374,-0.6332471645125597,-0.5495613588663254,-0.698853088286125,-0.17966213015729893,-0.6118250369454719,-0.3439117826575238
-1.2146669043925045,-0.6999950505092654,-0.7432990353709374,-0.6332471645125597,-0.5495613588663254,-0.698853088286125,-1.000471469895547,-0.6118250369454719,-0.3439117826575238
-0.5038655932410934,-0.04410156484441759,-0.7432990353709374,-0.6332471645125597,-0.5495613588663254,-0.698853088286125,-1.000471469895547,-0.6118250369454719,-0.3439117826575238
1.2731376846374345,2.2515256349825497,2.28722217753805,2.520955457774466,1.7101056402369774,0.3996892806423522,0.23074253971182512,1.682167228015596,3.1569766068222207
-1.2146669043925045,-0.6999950505092654,-0.7432990353709374,-0.6332471645125597,-0.5495613588663254,0.12505368841023293,-1.000471469895547,-0.6118250369454719,-0.3439117826575238
0.20693571791031778,-0.6999950505092654,-0.7432990353709374,-0.6332471645125597,-0.5495613588663254,-0.698853088286125,-1.000471469895547,-0.6118250369454719,-0.3439117826575238
-0.8592662488167989,-0.6999950505092654,-0.7432990353709374,-0.6332471645125597,-0.5495613588663254,-0.698853088286125,-1.000471469895547,-0.6118250369454719,-0.3439117826575238
-1.2146669043925045,-0.6999950505092654,-0.7432990353709374,-0.6332471645125597,-0.5495613588663254,-0.698853088286125,-1.000471469895547,-0.6118250369454719,-0.3439117826575238
0.20693571791031778,-0.6999950505092654,-0.7432990353709374,-0.6332471645125597,-0.5495613588663254,-0.698853088286125,-0.590066800026423,-0.6118250369454719,-0.3439117826575238
0.20693571791031778,-0.6999950505092654,-0.7432990353709374,-0.6332471645125597,-0.5495613588663254,-0.698853088286125,-1.000471469895547,-0.6118250369454719,-0.3439117826575238
-0.5038655932410934,-0.6999950505092654,-0.7432990353709374,-0.6332471645125597,-1.001494758686986,-0.698853088286125,-0.590066800026423,-0.6118250369454719,-0.3439117826575238
0.5623363734860233,0.9397386636528541,1.2770484399017208,2.520955457774466,-0.0976279590456648,1.7728672418029487,1.8723612191883217,2.3375935894330437,0.23956961558910025
-0.1484649376653878,2.2515256349825497,0.2668747022653916,1.4695545836787909,-0.0976279590456648,1.7728672418029487,2.282765889057446,2.3375935894330437,-0.3439117826575238
-1.2146669043925045,-0.6999950505092654,-0.7432990353709374,-0.6332471645125597,-1.001494758686986,-0.698853088286125,-1.000471469895547,-0.6118250369454719,-0.3439117826575238
-1.2146669043925045,-0.6999950505092654,-0.7432990353709374,-0.6332471645125597,-1.001494758686986,-0.698853088286125,-0.590066800026423,-0.6118250369454719,-0.3439117826575238
-0.5038655932410934,-0.6999950505092654,-0.40657445615882776,-0.282780206480668,-0.5495613588663254,-0.698853088286125,-1.000471469895547,-0.6118250369454719,-0.3439117826575238
-0.1484649376653878,1.267685406485278,1.6137730191138304,0.06768675155122376,0.35430544077499576,1.7728672418029487,2.282765889057446,-0.6118250369454719,-0.3439117826575238
-1.2146669043925045,-0.6999950505092654,-0.7432990353709374,-0.6332471645125597,-0.0976279590456648,-0.698853088286125,-1.000471469895547,-0.6118250369454719,-0.3439117826575238
-0.1484649376653878,-0.6999950505092654,-0.7432990353709374,-0.6332471645125597,-0.0976279590456648,-0.698853088286125,-1.000471469895547,-0.6118250369454719,-0.3439117826575238
1.9839389957888456,0.2838451779880063,0.6035992814775013,0.4181537095831155,-0.0976279590456648,0.3996892806423522,1.4619565493191973,0.04360132447197608,-0.3439117826575238
0.9177370290617288,0.6117919208204302,0.940323860689611,2.520955457774466,0.35430544077499576,1.7728672418029487,0.6411472095809492,0.04360132447197608,-0.3439117826575238
-0.5038655932410934,-0.6999950505092654,-0.7432990353709374,-0.6332471645125597,-0.5495613588663254,-0.698853088286125,-0.590066800026423,-0.6118250369454719,-0.3439117826575238
-0.5038655932410934,-0.6999950505092654,-0.7432990353709374,-0.282780206480668,-0.5495613588663254,-0.698853088286125,-1.000471469895547,-0.6118250369454719,-0.3439117826575238
-0.1484649376653878,-0.6999950505092654,-0.7432990353709374,-0.6332471645125597,-0.5495613588663254,-0.698853088286125,-1.000471469895547,-0.6118250369454719,-0.3439117826575238
-0.1484649376653878,-0.6999950505092654,-0.7432990353709374,-0.6332471645125597,-0.5495613588663254,-0.698853088286125,-0.17966213015729893,-0.6118250369454719,-0.3439117826575238
0.5623363734860233,-0.6999950505092654,-0.06984987694671807,-0.282780206480668,-0.5495613588663254,-0.698853088286125,-1.000471469895547,-0.6118250369454719,-0.3439117826575238
-0.1484649376653878,-0.6999950505092654,-0.7432990353709374,-0.6332471645125597,-1.001494758686986,-0.698853088286125,-0.590066800026423,-0.6118250369454719,-0.3439117826575238
0.9177370290617288,0.2838451779880063,0.2668747022653916,0.06768675155122376,0.35430544077499576,1.7728672418029487,1.0515518794500733,2.0098804087243196,-0.3439117826575238
-0.1484649376653878,-0.3720483076768415,-0.40657445615882776,-0.6332471645125597,-0.5495613588663254,-0.698853088286125,-0.590066800026423,-0.6118250369454719,-0.3439117826575238
-1.2146669043925045,-0.6999950505092654,-0.7432990353709374,-0.6332471645125597,-1.001494758686986,-0.698853088286125,-0.17966213015729893,-0.6118250369454719,-0.3439117826575238
-0.5038655932410934,-0.6999950505092654,-0.7432990353709374,-0.6332471645125597,-0.5495613588663254,-0.698853088286125,-0.590066800026423,-0.6118250369454719,-0.3439117826575238
-0.8592662488167989,-0.6999950505092654,-0.7432990353709374,-0.6332471645125597,-0.5495613588663254,-0.698853088286125,-0.590066800026423,-0.6118250369454719,-0.3439117826575238
-1.2146669043925045,-0.6999950505092654,-0.06984987694671807,-0.282780206480668,-0.5495613588663254,-0.698853088286125,-0.17966213015729893,-0.6118250369454719,-0.3439117826575238
0.20693571791031778,-0.6999950505092654,-0.7432990353709374,-0.6332471645125597,-0.5495613588663254,-0.698853088286125,-0.17966213015729893,-0.6118250369454719,-0.3439117826575238
0.20693571791031778,-0.6999950505092654,-0.40657445615882776,-0.6332471645125597,-0.5495613588663254,-0.698853088286125,-0.17966213015729893,-0.6118250369454719,-0.3439117826575238
-0.1484649376653878,-0.6999950505092654,-0.7432990353709374,-0.6332471645125597,-0.5495613588663254,-0.698853088286125,-0.590066800026423,-0.6118250369454719,-0.3439117826575238
0.5623363734860233,-0.6999950505092654,-0.7432990353709374,-0.6332471645125597,-0.5495613588663254,-0.698853088286125,-0.590066800026423,-0.6118250369454719,-0.3439117826575238
0.20693571791031778,-0.6999950505092654,-0.7432990353709374,-0.6332471645125597,-0.5495613588663254,-0.4242174960540057,-0.590066800026423,-0.6118250369454719,-0.3439117826575238
-0.5038655932410934,-0.6999950505092654,-0.7432990353709374,-0.6332471645125597,-0.5495613588663254,-0.698853088286125,-1.000471469895547,-0.6118250369454719,-0.3439117826575238
0.20693571791031778,-0.04410156484441759,-0.7432990353709374,-0.6332471645125597,-0.5495613588663254,-0.698853088286125,-1.000471469895547,-0.6118250369454719,-0.3439117826575238
-0.1484649376653878,-0.6999950505092654,-0.7432990353709374,-0.6332471645125597,-0.5495613588663254,-0.698853088286125,-0.590066800026423,-0.6118250369454719,-0.3439117826575238
-0.8592662488167989,-0.6999950505092654,-0.06984987694671807,-0.282780206480668,-0.5495613588663254,-0.698853088286125,-0.590066800026423,-0.6118250369454719,-0.3439117826575238
0.20693571791031778,-0.6999950505092654,-0.7432990353709374,-0.6332471645125597,-0.5495613588663254,-0.698853088286125,-0.590066800026423,-0.6118250369454719,-0.3439117826575238
0.5623363734860233,2.2515256349825497,2.28722217753805,2.520955457774466,0.35430544077499576,1.7728672418029487,1.4619565493191973,2.3375935894330437,-0.3439117826575238
-0.8592662488167989,-0.6999950505092654,-0.7432990353709374,-0.6332471645125597,-1.001494758686986,-0.698853088286125,-1.000471469895547,-0.6118250369454719,-0.3439117826575238
-0.5038655932410934,-0.6999950505092654,-0.7432990353709374,-0.6332471645125597,-1.001494758686986,-0.698853088286125,-1.000471469895547,-0.6118250369454719,-0.3439117826575238
0.9177370290617288,1.595632149317702,-0.06984987694671807,1.4695545836787909,0.35430544077499576,0.3996892806423522,1.4619565493191973,1.682167228015596,0.23956961558910025
-0.5038655932410934,-0.6999950505092654,-0.7432990353709374,-0.6332471645125597,-0.5495613588663254,-0.698853088286125,-0.590066800026423,-0.6118250369454719,-0.3439117826575238
-1.2146669043925045,-0.6999950505092654,-0.7432990353709374,-0.6332471645125597,-0.5495613588663254,-0.698853088286125,-0.17966213015729893,-0.6118250369454719,-0.3439117826575238
-0.5038655932410934,-0.3720483076768415,-0.40657445615882776,-0.282780206480668,-0.5495613588663254,-0.698853088286125,0.23074253971182512,-0.28411185623674784,-0.3439117826575238
-0.1484649376653878,0.2838451779880063,-0.40657445615882776,-0.6332471645125597,-0.5495613588663254,0.3996892806423522,-0.590066800026423,-0.6118250369454719,0.23956961558910025
-0.5038655932410934,-0.6999950505092654,-0.7432990353709374,-0.6332471645125597,-0.5495613588663254,-0.698853088286125,-1.000471469895547,-0.6118250369454719,-0.3439117826575238
-0.1484649376653878,-0.04410156484441759,-0.7432990353709374,-0.6332471645125597,-0.5495613588663254,-0.698853088286125,0.23074253971182512,1.682167228015596,-0.3439117826575238
0.20693571791031778,-0.3720483076768415,-0.40657445615882776,-0.282780206480668,-1.001494758686986,-0.698853088286125,-0.590066800026423,-0.6118250369454719,-0.3439117826575238
0.20693571791031778,-0.6999950505092654,-0.7432990353709374,0.06768675155122376,-0.5495613588663254,-0.698853088286125,-1.000471469895547,-0.6118250369454719,-0.3439117826575238
-0.8592662488167989,-0.6999950505092654,-0.7432990353709374,-0.6332471645125597,-0.5495613588663254,-0.698853088286125,-0.590066800026423,-0.6118250369454719,-0.3439117826575238
0.20693571791031778,-0.6999950505092654,-0.7432990353709374,-0.6332471645125597,-0.5495613588663254,-0.698853088286125,-0.590066800026423,-0.6118250369454719,-0.3439117826575238
0.20693571791031778,-0.6999950505092654,-0.7432990353709374,-0.6332471645125597,-0.5495613588663254,-0.698853088286125,-0.17966213015729893,-0.6118250369454719,-0.3439117826575238
0.20693571791031778,-0.6999950505092654,-0.7432990353709374,-0.6332471645125597,-0.5495613588663254,-0.698853088286125,-0.17966213015729893,-0.6118250369454719,-0.3439117826575238
-1.2146669043925045,-0.6999950505092654,-0.7432990353709374,-0.6332471645125597,-0.5495613588663254,-0.698853088286125,-0.17966213015729893,-0.6118250369454719,-0.3439117826575238
-0.5038655932410934,-0.6999950505092654,-0.7432990353709374,-0.6332471645125597,-0.5495613588663254,-0.698853088286125,-0.590066800026423,-0.6118250369454719,-0.3439117826575238
-0.1484649376653878,-0.6999950505092654,-0.7432990353709374,-0.6332471645125597,-0.5495613588663254,-0.698853088286125,-0.17966213015729893,-0.28411185623674784,-0.3439117826575238
0.20693571791031778,1.267685406485278,2.28722217753805,2.520955457774466,0.8062388405956563,1.7728672418029487,2.6931705589265698,2.3375935894330437,-0.3439117826575238
-0.5038655932410934,-0.6999950505092654,-0.40657445615882776,-0.6332471645125597,-0.5495613588663254,-0.698853088286125,-0.17966213015729893,-0.6118250369454719,-0.3439117826575238
-0.1484649376653878,-0.6999950505092654,-0.7432990353709374,-0.6332471645125597,-0.5495613588663254,-0.14958190382188638,-0.590066800026423,-0.6118250369454719,-0.3439117826575238
1.2731376846374345,0.2838451779880063,0.2668747022653916,-0.6332471645125597,1.258172240416317,1.7728672418029487,-0.590066800026423,0.699027685889424,0.23956961558910025
1.9839389957888456,2.2515256349825497,1.6137730191138304,2.520955457774466,1.258172240416317,0.3996892806423522,2.6931705589265698,0.04360132447197608,-0.3439117826575238
1.2731376846374345,2.2515256349825497,0.2668747022653916,0.4181537095831155,2.162039040057638,1.7728672418029487,1.8723612191883217,-0.28411185623674784,-0.3439117826575238
0.9177370290617288,0.9397386636528541,2.28722217753805,0.7686206676150072,-0.0976279590456648,1.7728672418029487,2.282765889057446,2.3375935894330437,0.23956961558910025
-0.5038655932410934,-0.6999950505092654,-0.7432990353709374,-0.6332471645125597,-0.5495613588663254,-0.698853088286125,-0.590066800026423,-0.6118250369454719,-0.3439117826575238
-1.2146669043925045,-0.6999950505092654,-0.7432990353709374,-0.6332471645125597,-0.5495613588663254,-0.698853088286125,-0.590066800026423,-0.6118250369454719,-0.3439117826575238
1.9839389957888456,1.9235788921501258,1.2770484399017208,0.06768675155122376,0.35430544077499576,-0.4242174960540057,1.4619565493191973,1.3544540473068718,-0.3439117826575238
0.20693571791031778,-0.6999950505092654,-0.40657445615882776,-0.6332471645125597,-0.5495613588663254,-0.698853088286125,-0.17966213015729893,-0.6118250369454719,-0.3439117826575238
0.20693571791031778,-0.6999950505092654,-0.7432990353709374,-0.6332471645125597,-0.5495613588663254,-0.698853088286125,-0.590066800026423,-0.6118250369454719,-0.3439117826575238
-1.2146669043925045,-0.6999950505092654,-0.7432990353709374,-0.6332471645125597,-0.5495613588663254,-0.698853088286125,-0.590066800026423,-0.6118250369454719,-0.3439117826575238
-1.2146669043925045,-0.6999950505092654,-0.7432990353709374,-0.6332471645125597,-0.5495613588663254,-0.698853088286125,-0.590066800026423,-0.6118250369454719,-0.3439117826575238
-1.2146669043925045,-0.6999950505092654,-0.7432990353709374,-0.6332471645125597,-0.5495613588663254,-0.698853088286125,-0.17966213015729893,-0.6118250369454719,-0.3439117826575238
0.20693571791031778,-0.6999950505092654,-0.40657445615882776,-0.6332471645125597,-0.5495613588663254,-0.698853088286125,-0.590066800026423,-0.6118250369454719,-0.3439117826575238
0.20693571791031778,1.267685406485278,2.28722217753805,1.119087625646899,0.8062388405956563,1.7728672418029487,1.4619565493191973,0.699027685889424,-0.3439117826575238
0.5623363734860233,2.2515256349825497,0.6035992814775013,0.7686206676150072,0.35430544077499576,1.7728672418029487,1.0515518794500733,2.3375935894330437,-0.3439117826575238
-0.5038655932410934,-0.6999950505092654,-0.7432990353709374,-0.6332471645125597,-0.5495613588663254,-0.698853088286125,-1.000471469895547,-0.6118250369454719,-0.3439117826575238
0.20693571791031778,-0.6999950505092654,-0.7432990353709374,1.119087625646899,-0.0976279590456648,-0.698853088286125,-1.000471469895547,-0.6118250369454719,-0.3439117826575238
-1.2146669043925045,-0.6999950505092654,-0.7432990353709374,-0.6332471645125597,-0.5495613588663254,-0.698853088286125,-1.000471469895547,-0.6118250369454719,-0.3439117826575238
1.2731376846374345,2.2515256349825497,2.28722217753805,2.520955457774466,1.258172240416317,1.7728672418029487,2.6931705589265698,2.3375935894330437,-0.3439117826575238
0.20693571791031778,-0.6999950505092654,-0.7432990353709374,-0.6332471645125597,-0.5495613588663254,-0.698853088286125,-0.590066800026423,-0.28411185623674784,-0.3439117826575238
1.62853834021314,1.595632149317702,1.6137730191138304,2.170488499742574,1.258172240416317,-0.14958190382188638,0.23074253971182512,-0.6118250369454719,-0.3439117826575238
0.20693571791031778,-0.6999950505092654,-0.7432990353709374,-0.6332471645125597,-0.5495613588663254,-0.698853088286125,-1.000471469895547,-0.6118250369454719,-0.3439117826575238
-0.1484649376653878,2.2515256349825497,1.6137730191138304,0.7686206676150072,0.35430544077499576,-0.698853088286125,2.6931705589265698,-0.6118250369454719,-0.3439117826575238
-0.8592662488167989,0.6117919208204302,1.2770484399017208,1.119087625646899,0.35430544077499576,1.7728672418029487,1.4619565493191973,1.026740866598148,-0.3439117826575238
1.9839389957888456,-0.04410156484441759,0.2668747022653916,0.7686206676150072,-0.0976279590456648,1.7728672418029487,0.23074253971182512,-0.6118250369454719,-0.3439117826575238
0.20693571791031778,-0.6999950505092654,-0.40657445615882776,-0.6332471645125597,-0.5495613588663254,-0.698853088286125,-1.000471469895547,-0.6118250369454719,-0.3439117826575238
-0.1484649376653878,1.595632149317702,0.940323860689611,0.06768675155122376,0.35430544077499576,1.7728672418029487,1.4619565493191973,-0.6118250369454719,-0.3439117826575238
0.20693571791031778,-0.6999950505092654,-0.7432990353709374,-0.6332471645125597,-0.5495613588663254,-0.698853088286125,-0.590066800026423,-0.6118250369454719,-0.3439117826575238
-0.1484649376653878,-0.6999950505092654,-0.40657445615882776,-0.6332471645125597,-0.5495613588663254,-0.698853088286125,-0.590066800026423,-0.6118250369454719,-0.3439117826575238
0.20693571791031778,-0.6999950505092654,-0.06984987694671807,-0.6332471645125597,-0.5495613588663254,-0.698853088286125,-0.17966213015729893,-0.6118250369454719,-0.3439117826575238
-0.5038655932410934,-0.6999950505092654,-0.7432990353709374,-0.6332471645125597,-0.5495613588663254,-0.698853088286125,-0.590066800026423,-0.6118250369454719,-0.3439117826575238
0.20693571791031778,-0.3720483076768415,0.2668747022653916,-0.6332471645125597,-1.001494758686986,-0.698853088286125,-1.000471469895547,-0.6118250369454719,-0.3439117826575238
-0.5038655932410934,-0.6999950505092654,-0.7432990353709374,-0.6332471645125597,-0.5495613588663254,-0.698853088286125,-0.590066800026423,-0.6118250369454719,-0.3439117826575238
-1.2146669043925045,-0.6999950505092654,-0.7432990353709374,-0.6332471645125597,-1.001494758686986,-0.698853088286125,-0.590066800026423,-0.6118250369454719,-0.3439117826575238
-0.1484649376653878,-0.6999950505092654,-0.7432990353709374,-0.6332471645125597,-0.5495613588663254,-0.698853088286125,-0.590066800026423,-0.6118250369454719,-0.3439117826575238
0.20693571791031778,0.2838451779880063,0.940323860689611,1.8200215417106826,0.35430544077499576,-0.698853088286125,1.8723612191883217,2.3375935894330437,-0.3439117826575238
0.20693571791031778,-0.04410156484441759,-0.40657445615882776,1.8200215417106826,0.8062388405956563,1.7728672418029487,1.8723612191883217,-0.6118250369454719,0.23956961558910025
1.9839389957888456,0.6117919208204302,2.28722217753805,0.06768675155122376,0.8062388405956563,1.2235960573387101,1.4619565493191973,1.682167228015596,0.8230510138357243
-0.1484649376653878,-0.6999950505092654,-0.7432990353709374,-0.282780206480668,-0.5495613588663254,-0.698853088286125,-1.000471469895547,-0.6118250369454719,-0.3439117826575238
-1.2146669043925045,-0.6999950505092654,-0.7432990353709374,-0.6332471645125597,-0.5495613588663254,-0.698853088286125,-1.000471469895547,-0.6118250369454719,-0.3439117826575238
0.20693571791031778,2.2515256349825497,2.28722217753805,2.520955457774466,3.065905839698959,1.7728672418029487,2.6931705589265698,-0.6118250369454719,-0.3439117826575238
0.20693571791031778,-0.6999950505092654,-0.7432990353709374,-0.6332471645125597,-0.5495613588663254,-0.698853088286125,-1.000471469895547,-0.6118250369454719,-0.3439117826575238
1.9839389957888456,0.2838451779880063,-0.06984987694671807,2.520955457774466,-0.0976279590456648,1.7728672418029487,1.4619565493191973,-0.6118250369454719,0.23956961558910025
0.20693571791031778,2.2515256349825497,2.28722217753805,2.520955457774466,0.8062388405956563,-0.4242174960540057,1.8723612191883217,0.699027685889424,-0.3439117826575238
1.2731376846374345,2.2515256349825497,2.28722217753805,2.520955457774466,1.258172240416317,1.7728672418029487,2.6931705589265698,2.3375935894330437,4.907420801562092
-0.8592662488167989,-0.04410156484441759,-0.7432990353709374,-0.6332471645125597,-0.5495613588663254,-0.698853088286125,-0.590066800026423,-0.6118250369454719,-0.3439117826575238
-0.8592662488167989,-0.6999950505092654,-0.7432990353709374,-0.6332471645125597,-1.001494758686986,-0.698853088286125,-0.590066800026423,-0.6118250369454719,-0.3439117826575238
-0.1484649376653878,-0.6999950505092654,-0.06984987694671807,-0.6332471645125597,-0.5495613588663254,-0.698853088286125,-0.590066800026423,-0.6118250369454719,-0.3439117826575238
-0.5038655932410934,-0.6999950505092654,-0.7432990353709374,-0.6332471645125597,-0.5495613588663254,-0.698853088286125,-0.590066800026423,-0.6118250369454719,-0.3439117826575238
-1.2146669043925045,-0.6999950505092654,-0.7432990353709374,-0.6332471645125597,-1.001494758686986,,-1.000471469895547,-0.6118250369454719,-0.3439117826575238
-0.1484649376653878,-0.6999950505092654,-0.7432990353709374,-0.6332471645125597,-0.5495613588663254,-0.698853088286125,-0.590066800026423,-0.6118250369454719,-0.3439117826575238
0.20693571791031778,-0.6999950505092654,-0.7432990353709374,-0.6332471645125597,-0.5495613588663254,-0.698853088286125,-0.590066800026423,-0.6118250369454719,-0.3439117826575238
-0.5038655932410934,-0.6999950505092654,-0.7432990353709374,-0.6332471645125597,-0.5495613588663254,-0.698853088286125,-0.590066800026423,-0.6118250369454719,-0.3439117826575238
0.5623363734860233,-0.04410156484441759,-0.06984987694671807,0.06768675155122376,-0.0976279590456648,-0.4242174960540057,1.0515518794500733,-0.6118250369454719,-0.3439117826575238
0.9177370290617288,-0.6999950505092654,-0.40657445615882776,0.06768675155122376,-0.5495613588663254,-0.698853088286125,-0.590066800026423,-0.6118250369454719,-0.3439117826575238
-1.2146669043925045,-0.6999950505092654,-0.7432990353709374,-0.6332471645125597,-0.5495613588663254,-0.698853088286125,-1.000471469895547,-0.6118250369454719,-0.3439117826575238
0.20693571791031778,-0.6999950505092654,-0.7432990353709374,-0.282780206480668,-1.001494758686986,-0.698853088286125,-0.590066800026423,-0.6118250369454719,-0.3439117826575238
-0.5038655932410934,-0.6999950505092654,-0.06984987694671807,-0.6332471645125597,-0.0976279590456648,0.12505368841023293,-1.000471469895547,-0.6118250369454719,-0.3439117826575238
-0.1484649376653878,0.9397386636528541,0.940323860689611,0.7686206676150072,1.7101056402369774,0.6743248728744715,1.4619565493191973,1.3544540473068718,0.8230510138357243
-0.8592662488167989,-0.6999950505092654,-0.7432990353709374,-0.6332471645125597,-0.5495613588663254,0.3996892806423522,-1.000471469895547,-0.6118250369454719,-0.3439117826575238
-0.8592662488167989,-0.6999950505092654,-0.7432990353709374,-0.6332471645125597,-0.5495613588663254,-0.698853088286125,-1.000471469895547,-0.6118250369454719,-0.3439117826575238
-0.1484649376653878,-0.6999950505092654,-0.7432990353709374,-0.6332471645125597,-0.5495613588663254,-0.698853088286125,-1.000471469895547,-0.6118250369454719,-0.3439117826575238
0.5623363734860233,-0.3720483076768415,-0.06984987694671807,-0.6332471645125597,-0.5495613588663254,-0.698853088286125,-1.000471469895547,-0.6118250369454719,-0.3439117826575238
0.20693571791031778,-0.6999950505092654,-0.7432990353709374,-0.6332471645125597,-0.5495613588663254,-0.698853088286125,-0.590066800026423,-0.6118250369454719,-0.3439117826575238
-1.2146669043925045,-0.6999950505092654,-0.7432990353709374,-0.6332471645125597,-0.5495613588663254,-0.698853088286125,-1.000471469895547,-0.6118250369454719,-0.3439117826575238
1.2731376846374345,1.267685406485278,0.2668747022653916,0.4181537095831155,0.8062388405956563,-0.14958190382188638,0.6411472095809492,2.3375935894330437,-0.3439117826575238
-0.5038655932410934,-0.6999950505092654,-0.7432990353709374,-0.6332471645125597,-0.5495613588663254,-0.698853088286125,-1.000471469895547,-0.6118250369454719,-0.3439117826575238
-0.5038655932410934,-0.6999950505092654,0.2668747022653916,-0.6332471645125597,-0.5495613588663254,-0.698853088286125,-1.000471469895547,-0.6118250369454719,-0.3439117826575238
1.9839389957888456,2.2515256349825497,1.2770484399017208,1.8200215417106826,1.7101056402369774,-0.698853088286125,2.6931705589265698,2.3375935894330437,0.8230510138357243
-0.1484649376653878,-0.3720483076768415,0.2668747022653916,0.06768675155122376,-0.5495613588663254,-0.4242174960540057,-0.590066800026423,-0.6118250369454719,-0.3439117826575238
-0.1484649376653878,-0.6999950505092654,-0.7432990353709374,-0.6332471645125597,-0.5495613588663254,-0.698853088286125,-1.000471469895547,-0.6118250369454719,-0.3439117826575238
0.20693571791031778,-0.6999950505092654,-0.7432990353709374,0.06768675155122376,-0.5495613588663254,-0.698853088286125,-1.000471469895547,-0.6118250369454719,-0.3439117826575238
-0.1484649376653878,-0.6999950505092654,-0.7432990353709374,0.06768675155122376,-0.5495613588663254,-0.698853088286125,-1.000471469895547,-0.6118250369454719,-0.3439117826575238
-0.5038655932410934,-0.6999950505092654,-0.7432990353709374,-0.6332471645125597,-0.5495613588663254,-0.698853088286125,-0.590066800026423,-0.6118250369454719,-0.3439117826575238
-0.5038655932410934,-0.6999950505092654,-0.7432990353709374,-0.6332471645125597,-0.5495613588663254,-0.698853088286125,-0.590066800026423,-0.6118250369454719,-0.3439117826575238
-1.2146669043925045,-0.6999950505092654,-0.7432990353709374,-0.6332471645125597,-0.5495613588663254,-0.698853088286125,-1.000471469895547,-0.6118250369454719,-0.3439117826575238
-0.8592662488167989,-0.6999950505092654,-0.7432990353709374,-0.6332471645125597,-0.5495613588663254,-0.698853088286125,-1.000471469895547,-0.6118250369454719,-0.3439117826575238
-0.5038655932410934,-0.6999950505092654,-0.7432990353709374,-0.6332471645125597,-0.5495613588663254,-0.698853088286125,-0.590066800026423,-0.6118250369454719,-0.3439117826575238
-1.2146669043925045,-0.3720483076768415,-0.40657445615882776,-0.6332471645125597,-0.5495613588663254,-0.698853088286125,-1.000471469895547,-0.6118250369454719,-0.3439117826575238
-1.2146669043925045,-0.6999950505092654,-0.7432990353709374,0.06768675155122376,-0.5495613588663254,-0.698853088286125,-1.000471469895547,-0.6118250369454719,-0.3439117826575238
0.20693571791031778,2.2515256349825497,2.28722217753805,2.520955457774466,3.065905839698959,-0.4242174960540057,2.6931705589265698,2.3375935894330437,4.907420801562092
-0.5038655932410934,-0.6999950505092654,-0.7432990353709374,-0.6332471645125597,-0.5495613588663254,-0.698853088286125,-0.590066800026423,-0.6118250369454719,-0.3439117826575238
-0.5038655932410934,-0.6999950505092654,-0.7432990353709374,-0.282780206480668,-0.0976279590456648,0.12505368841023293,-1.000471469895547,-0.6118250369454719,-0.3439117826575238
-1.2146669043925045,-0.3720483076768415,-0.7432990353709374,0.06768675155122376,-0.5495613588663254,-0.698853088286125,-0.590066800026423,-0.6118250369454719,-0.3439117826575238
0.20693571791031778,-0.6999950505092654,-0.7432990353709374,-0.6332471645125597,-0.5495613588663254,-0.698853088286125,-0.590066800026423,-0.28411185623674784,-0.3439117826575238
-0.1484649376653878,-0.6999950505092654,-0.7432990353709374,-0.6332471645125597,-0.5495613588663254,-0.698853088286125,-0.590066800026423,-0.6118250369454719,-0.3439117826575238
-0.5038655932410934,-0.6999950505092654,-0.7432990353709374,-0.6332471645125597,-0.5495613588663254,-0.698853088286125,-0.17966213015729893,-0.6118250369454719,-0.3439117826575238
-0.5038655932410934,-0.6999950505092654,-0.7432990353709374,-0.6332471645125597,-0.5495613588663254,-0.698853088286125,-0.590066800026423,-0.6118250369454719,-0.3439117826575238
0.20693571791031778,-0.6999950505092654,-0.7432990353709374,-0.6332471645125597,-0.5495613588663254,-0.698853088286125,-0.590066800026423,-0.6118250369454719,-0.3439117826575238
0.20693571791031778,0.2838451779880063,0.6035992814775013,-0.6332471645125597,2.162039040057638,-0.698853088286125,-0.17966213015729893,1.026740866598148,-0.3439117826575238
0.9177370290617288,1.595632149317702,1.6137730191138304,1.4695545836787909,-0.0976279590456648,1.7728672418029487,1.4619565493191973,-0.28411185623674784,0.8230510138357243
-1.2146669043925045,-0.6999950505092654,-0.7432990353709374,-0.6332471645125597,-0.5495613588663254,-0.698853088286125,-1.000471469895547,-0.6118250369454719,-0.3439117826575238
-1.2146669043925045,-0.6999950505092654,-0.7432990353709374,-0.6332471645125597,-0.5495613588663254,-0.698853088286125,-0.590066800026423,-0.6118250369454719,-0.3439117826575238
-0.1484649376653878,-0.6999950505092654,-0.7432990353709374,-0.6332471645125597,-0.5495613588663254,-0.698853088286125,-0.17966213015729893,-0.6118250369454719,-0.3439117826575238
-1.2146669043925045,-0.6999950505092654,-0.06984987694671807,-0.6332471645125597,-0.5495613588663254,-0.698853088286125,-0.590066800026423,-0.6118250369454719,-0.3439117826575238
-1.2146669043925045,-0.6999950505092654,-0.06984987694671807,-0.6332471645125597,-0.5495613588663254,-0.698853088286125,-0.590066800026423,-0.6118250369454719,-0.3439117826575238
-0.5038655932410934,-0.6999950505092654,-0.7432990353709374,0.06768675155122376,-0.5495613588663254,-0.698853088286125,-0.590066800026423,-0.6118250369454719,-0.3439117826575238
-1.2146669043925045,-0.6999950505092654,-0.7432990353709374,-0.6332471645125597,-0.5495613588663254,-0.698853088286125,-1.000471469895547,-0.6118250369454719,-0.3439117826575238
0.20693571791031778,-0.3720483076768415,-0.40657445615882776,-0.282780206480668,-0.5495613588663254,-0.698853088286125,-1.000471469895547,-0.6118250369454719,0.23956961558910025
-0.5038655932410934,-0.6999950505092654,-0.7432990353709374,-0.6332471645125597,-0.5495613588663254,-0.698853088286125,-0.17966213015729893,-0.6118250369454719,-0.3439117826575238
0.20693571791031778,1.267685406485278,0.2668747022653916,-0.6332471645125597,1.258172240416317,-0.698853088286125,1.4619565493191973,2.3375935894330437,0.8230510138357243
0.20693571791031778,2.2515256349825497,2.28722217753805,1.8200215417106826,0.8062388405956563,0.3996892806423522,1.4619565493191973,2.3375935894330437,-0.3439117826575238
-0.5038655932410934,2.2515256349825497,1.2770484399017208,1.8200215417106826,0.8062388405956563,1.2235960573387101,1.4619565493191973,0.3713145051807,-0.3439117826575238
-0.5038655932410934,-0.3720483076768415,-0.7432990353709374,-0.282780206480668,-0.5495613588663254,-0.698853088286125,-0.17966213015729893,-0.6118250369454719,-0.3439117826575238
-0.8592662488167989,-0.6999950505092654,-0.7432990353709374,-0.6332471645125597,-0.5495613588663254,-0.698853088286125,-0.17966213015729893,-0.6118250369454719,-0.3439117826575238
0.20693571791031778,-0.04410156484441759,-0.40657445615882776,-0.6332471645125597,-0.0976279590456648,-0.698853088286125,-1.000471469895547,-0.6118250369454719,-0.3439117826575238
-1.2146669043925045,-0.6999950505092654,-0.7432990353709374,-0.6332471645125597,-0.5495613588663254,-0.698853088286125,-0.590066800026423,-0.6118250369454719,-0.3439117826575238
-0.1484649376653878,-0.6999950505092654,0.2668747022653916,-0.6332471645125597,-0.5495613588663254,-0.698853088286125,-1.000471469895547,-0.6118250369454719,-0.3439117826575238
-1.2146669043925045,-0.6999950505092654,-0.40657445615882776,-0.6332471645125597,-0.5495613588663254,-0.698853088286125,-0.590066800026423,-0.6118250369454719,-0.3439117826575238
0.20693571791031778,-0.6999950505092654,-0.7432990353709374,-0.6332471645125597,-0.5495613588663254,-0.698853088286125,-1.000471469895547,-0.6118250369454719,-0.3439117826575238
-1.2146669043925045,-0.6999950505092654,-0.7432990353709374,-0.6332471645125597,-0.5495613588663254,-0.698853088286125,-1.000471469895547,-0.6118250369454719,-0.3439117826575238
-0.8592662488167989,-0.6999950505092654,-0.7432990353709374,-0.6332471645125597,-0.5495613588663254,-0.698853088286125,-1.000471469895547,-0.6118250369454719,-0.3439117826575238
1.9839389957888456,2.2515256349825497,2.28722217753805,2.520955457774466,0.8062388405956563,1.7728672418029487,2.6931705589265698,2.3375935894330437,3.1569766068222207
0.20693571791031778,2.2515256349825497,2.28722217753805,2.520955457774466,0.35430544077499576,1.7728672418029487,0.6411472095809492,1.026740866598148,0.8230510138357243
0.20693571791031778,-0.6999950505092654,-0.7432990353709374,-0.6332471645125597,-0.5495613588663254,-0.698853088286125,-0.17966213015729893,-0.28411185623674784,-0.3439117826575238
-1.2146669043925045,-0.6999950505092654,-0.7432990353709374,-0.6332471645125597,-0.5495613588663254,-0.698853088286125,-1.000471469895547,-0.6118250369454719,-0.3439117826575238
-1.2146669043925045,-0.6999950505092654,-0.7432990353709374,-0.6332471645125597,-0.5495613588663254,-0.698853088286125,-1.000471469895547,-0.6118250369454719,-0.3439117826575238
-1.2146669043925045,-0.6999950505092654,-0.7432990353709374,-0.6332471645125597,-0.5495613588663254,-0.698853088286125,-1.000471469895547,-0.6118250369454719,-0.3439117826575238
-1.2146669043925045,-0.6999950505092654,-0.7432990353709374,-0.6332471645125597,-0.5495613588663254,-0.698853088286125,-1.000471469895547,-0.6118250369454719,-0.3439117826575238
-0.5038655932410934,-0.6999950505092654,-0.7432990353709374,-0.6332471645125597,-0.5495613588663254,-0.698853088286125,-0.590066800026423,0.04360132447197608,-0.3439117826575238
-0.1484649376653878,-0.6999950505092654,-0.7432990353709374,-0.6332471645125597,-0.5495613588663254,-0.698853088286125,-1.000471469895547,-0.6118250369454719,-0.3439117826575238
-1.2146669043925045,-0.6999950505092654,-0.7432990353709374,-0.6332471645125597,-0.5495613588663254,-0.698853088286125,-1.000471469895547,-0.6118250369454719,3.7404580050688447
-1.2146669043925045,-0.6999950505092654,-0.7432990353709374,0.06768675155122376,-0.5495613588663254,-0.698853088286125,-1.000471469895547,-0.6118250369454719,-0.3439117826575238
0.20693571791031778,2.2515256349825497,2.28722217753805,0.7686206676150072,0.35430544077499576,0.3996892806423522,0.23074253971182512,0.3713145051807,-0.3439117826575238
-0.5038655932410934,-0.6999950505092654,-0.7432990353709374,-0.6332471645125597,-0.5495613588663254,-0.698853088286125,-1.000471469895547,-0.6118250369454719,-0.3439117826575238
-0.5038655932410934,-0.6999950505092654,-0.7432990353709374,-0.6332471645125597,-0.5495613588663254,-0.698853088286125,-0.590066800026423,-0.6118250369454719,0.23956961558910025
-0.5038655932410934,-0.6999950505092654,-0.7432990353709374,-0.6332471645125597,-0.0976279590456648,-0.4242174960540057,-1.000471469895547,-0.6118250369454719,-0.3439117826575238
-0.8592662488167989,-0.6999950505092654,-0.7432990353709374,-0.6332471645125597,-0.5495613588663254,-0.698853088286125,-1.000471469895547,-0.6118250369454719,-0.3439117826575238
0.20693571791031778,2.2515256349825497,2.28722217753805,0.06768675155122376,1.7101056402369774,-0.14958190382188638,1.8723612191883217,2.3375935894330437,0.23956961558910025
-0.1484649376653878,1.595632149317702,0.940323860689611,0.4181537095831155,-0.0976279590456648,0.12505368841023293,2.6931705589265698,1.026740866598148,-0.3439117826575238
-0.1484649376653878,1.595632149317702,1.6137730191138304,0.7686206676150072,0.35430544077499576,0.3996892806423522,2.6931705589265698,0.3713145051807,-0.3439117826575238
